{
"type": "FeatureCollection",
"name": "routes",
"features": [
{ "type": "Feature", "properties": { "name": "Route", "distance_km": null, "time_min": null }, "geometry": { "type": "LineString", "coordinates": [ [ 88.571516595031767, 26.826059305951219 ], [ 88.571009769837531, 26.826428122407151 ], [ 88.576758547627662, 26.831881847032491 ], [ 88.575395800000024, 26.83588130000004 ], [ 88.575418399999933, 26.8358953 ], [ 88.575733200000059, 26.836104600000056 ], [ 88.575807100000134, 26.836160500000062 ], [ 88.576119300000016, 26.836391 ], [ 88.576562700000125, 26.836756499999979 ], [ 88.577116200000091, 26.8372784 ], [ 88.577393300000097, 26.837539699999979 ], [ 88.577470100000085, 26.837612200000081 ], [ 88.578053700000055, 26.838218900000015 ], [ 88.578163800000084, 26.838333400000067 ], [ 88.578286600000126, 26.83851130000005 ], [ 88.578462100000081, 26.838765799999976 ], [ 88.578583499999979, 26.838945700000124 ], [ 88.578944200000024, 26.839474900000027 ], [ 88.5792384, 26.839843700000017 ], [ 88.579355200000066, 26.839990300000068 ], [ 88.579705800000113, 26.8404299 ], [ 88.580173400000092, 26.8410161 ], [ 88.580982700000106, 26.842030899999941 ], [ 88.581382200000121, 26.84250830000002 ], [ 88.582105800000136, 26.8433731 ], [ 88.582142200000078, 26.843416600000012 ], [ 88.582695700000045, 26.844078100000047 ], [ 88.5827529, 26.844146500000022 ], [ 88.582796200000018, 26.844198900000094 ], [ 88.583292200000017, 26.844799500000079 ], [ 88.5833538, 26.844874 ], [ 88.583499299999971, 26.845052600000031 ], [ 88.583525399999985, 26.8450846 ], [ 88.583654199999955, 26.845256900000095 ], [ 88.583795899999984, 26.845490200000029 ], [ 88.584564000000114, 26.846755400000063 ], [ 88.5847561, 26.847071700000129 ], [ 88.584852100000148, 26.847229800000036 ], [ 88.585524199999952, 26.848337 ], [ 88.58560680000005, 26.848473200000115 ], [ 88.585620200000108, 26.848495099999923 ], [ 88.585813600000108, 26.848810800000138 ], [ 88.586393599999951, 26.849757699999941 ], [ 88.58649029999998, 26.849915600000088 ], [ 88.587184, 26.85104819999998 ], [ 88.5872698, 26.851191700000129 ], [ 88.58727980000009, 26.851221800000133 ], [ 88.58727980000009, 26.851253700000086 ], [ 88.587272800000051, 26.851283 ], [ 88.587259099999983, 26.851306600000044 ], [ 88.58714, 26.851410400000134 ], [ 88.586722399999985, 26.851774200000023 ], [ 88.586145400000021, 26.852276800000027 ], [ 88.585568400000056, 26.852779400000031 ], [ 88.585424200000034, 26.852905000000135 ], [ 88.584991400000149, 26.853282 ], [ 88.584984500000076, 26.853288 ], [ 88.584469, 26.853722700000105 ], [ 88.584008199999971, 26.854111200000091 ], [ 88.583976000000121, 26.854197300000124 ], [ 88.583973, 26.854260300000021 ], [ 88.583965299999932, 26.854292900000019 ], [ 88.583954500000118, 26.85438820000013 ], [ 88.584018700000115, 26.854797800000085 ], [ 88.584022, 26.854872900000089 ], [ 88.584045400000036, 26.85541210000008 ], [ 88.584053199999971, 26.85559180000007 ], [ 88.584082500000079, 26.856264899999985 ], [ 88.5840859, 26.856310600000029 ], [ 88.584139600000015, 26.857028500000069 ], [ 88.584179899999924, 26.857566900000052 ], [ 88.584259400000121, 26.858606300000076 ], [ 88.584328099999937, 26.859503500000073 ], [ 88.584329400000058, 26.859520700000076 ], [ 88.584329500000081, 26.85986319999995 ], [ 88.584329600000103, 26.860043100000098 ], [ 88.584329900000114, 26.860762500000135 ], [ 88.584329900000114, 26.860885399999972 ], [ 88.58431940000014, 26.861414100000047 ], [ 88.584296700000039, 26.861478800000043 ], [ 88.584255700000028, 26.86160510000002 ], [ 88.583834, 26.862977200000046 ], [ 88.583382200000017, 26.8644256 ], [ 88.582611, 26.866898400000139 ], [ 88.582456700000023, 26.86736970000004 ], [ 88.5823365, 26.867736800000046 ], [ 88.5821947, 26.8682991 ], [ 88.582152400000041, 26.86840930000011 ], [ 88.582513200000051, 26.868465200000117 ], [ 88.584796100000119, 26.8691703 ], [ 88.5856468, 26.869430900000054 ], [ 88.586751500000105, 26.869777899999974 ], [ 88.586780500000032, 26.869786200000135 ], [ 88.5877443, 26.870060600000102 ], [ 88.58774870000002, 26.870062 ], [ 88.5883071, 26.870237 ], [ 88.589253200000144, 26.870521800000063 ], [ 88.589725599999952, 26.87067780000001 ], [ 88.590097500000013, 26.870789600000023 ], [ 88.590829, 26.871003100000109 ], [ 88.590941, 26.871042700000032 ], [ 88.5910422, 26.87109 ], [ 88.5911774, 26.871158800000046 ], [ 88.59140780000007, 26.871299400000112 ], [ 88.591543900000147, 26.871395900000095 ], [ 88.591701800000067, 26.871507800000131 ], [ 88.591710400000068, 26.871513900000082 ], [ 88.591720600000031, 26.87152060000011 ], [ 88.591884300000061, 26.871627200000034 ], [ 88.591925800000126, 26.871655100000055 ], [ 88.592524200000071, 26.8720515 ], [ 88.593188699999985, 26.872478900000033 ], [ 88.59365710000003, 26.872791500000119 ], [ 88.593982400000129, 26.872981200000027 ], [ 88.5940094, 26.872997 ], [ 88.594047400000136, 26.873014800000135 ], [ 88.5941547, 26.873061200000052 ], [ 88.594562699999983, 26.873203 ], [ 88.594981500000017, 26.873339299999941 ], [ 88.595064600000114, 26.873365800000045 ], [ 88.595165100000088, 26.87339750000001 ], [ 88.596062500000073, 26.873662700000068 ], [ 88.596228200000098, 26.873747100000116 ], [ 88.596807900000101, 26.873919700000044 ], [ 88.5968128, 26.873921199999984 ], [ 88.597577300000012, 26.874150699999973 ], [ 88.597735899999975, 26.874198299999989 ], [ 88.598907100000076, 26.874572700000044 ], [ 88.59928670000005, 26.8746941 ], [ 88.6004582, 26.875068700000043 ], [ 88.601374800000144, 26.875361399999917 ], [ 88.602136, 26.87559930000009 ], [ 88.602225900000064, 26.875627400000099 ], [ 88.602325800000131, 26.87565990000013 ], [ 88.6025153, 26.875721400000089 ], [ 88.603074, 26.875903 ], [ 88.60312360000006, 26.875919700000111 ], [ 88.60317589999994, 26.8759308 ], [ 88.603237200000081, 26.875935900000059 ], [ 88.603270100000145, 26.875935500000026 ], [ 88.603471100000036, 26.8759331 ], [ 88.603502100000128, 26.875932700000135 ], [ 88.603670800000032, 26.875918900000045 ], [ 88.6036833, 26.875917699999945 ], [ 88.603870900000118, 26.875898399999983 ], [ 88.604379400000084, 26.875846300000092 ], [ 88.604383200000029, 26.875846 ], [ 88.60469930000005, 26.875793 ], [ 88.605166199999985, 26.875752100000113 ], [ 88.605338900000049, 26.875734 ], [ 88.605906300000129, 26.875676200000044 ], [ 88.607035900000142, 26.8755595 ], [ 88.607193199999983, 26.875534300000027 ], [ 88.607394399999976, 26.875490599999978 ], [ 88.608261899999945, 26.8752657 ], [ 88.608937900000114, 26.875089300000013 ], [ 88.609070800000097, 26.875054599999942 ], [ 88.609257700000114, 26.8750121 ], [ 88.609288900000024, 26.8750038 ], [ 88.6108516, 26.8745915 ], [ 88.610896499999967, 26.874579800000106 ], [ 88.611140900000123, 26.874509900000021 ], [ 88.611401800000067, 26.874422 ], [ 88.6115795, 26.874358600000107 ], [ 88.611746499999981, 26.874284499999987 ], [ 88.611862200000132, 26.8742244 ], [ 88.611967300000117, 26.874165100000084 ], [ 88.612156299999981, 26.874047100000098 ], [ 88.612284600000066, 26.873950300000047 ], [ 88.612532700000031, 26.873784700000044 ], [ 88.612583599999937, 26.873752700000068 ], [ 88.612888899999973, 26.873546500000032 ], [ 88.6130008, 26.873463500000128 ], [ 88.6131701, 26.873347700000124 ], [ 88.6133613, 26.87321170000007 ], [ 88.61359520000002, 26.8730478 ], [ 88.6136553, 26.8730109 ], [ 88.613897100000088, 26.872839399999975 ], [ 88.614785100000063, 26.872238800000048 ], [ 88.614945299999988, 26.872134300000084 ], [ 88.615148900000122, 26.871992600000112 ], [ 88.616309300000012, 26.871176 ], [ 88.616699499999982, 26.8709265 ], [ 88.616950299999928, 26.870762500000126 ], [ 88.617010499999935, 26.870724900000027 ], [ 88.617187800000067, 26.870594800000106 ], [ 88.61739410000007, 26.870435300000054 ], [ 88.617813399999932, 26.870087900000044 ], [ 88.618758900000046, 26.8693677 ], [ 88.61901, 26.869191200000103 ], [ 88.619222900000068, 26.8690135 ], [ 88.619408400000111, 26.868876300000011 ], [ 88.619510400000024, 26.868787400000087 ], [ 88.619940900000131, 26.868421 ], [ 88.620317300000011, 26.868118700000025 ], [ 88.620780400000115, 26.867786300000034 ], [ 88.620875399999989, 26.867708900000025 ], [ 88.620897100000036, 26.867693900000063 ], [ 88.621225, 26.867468200000019 ], [ 88.621307400000035, 26.867412600000023 ], [ 88.621780400000091, 26.867078900000138 ], [ 88.622002399999985, 26.86691559999997 ], [ 88.622108900000114, 26.866839900000059 ], [ 88.622295100000031, 26.8667165 ], [ 88.622541900000044, 26.866545900000119 ], [ 88.622735700000078, 26.866410300000041 ], [ 88.623278800000094, 26.866032900000107 ], [ 88.623449700000037, 26.865918500000078 ], [ 88.623639700000126, 26.865804700000069 ], [ 88.624212300000067, 26.865566600000079 ], [ 88.6244888, 26.865452 ], [ 88.624563100000103, 26.865421200000128 ], [ 88.624625199999912, 26.865394500000036 ], [ 88.624640500000112, 26.865388200000041 ], [ 88.625501100000122, 26.865037299999983 ], [ 88.6255296, 26.865024900000037 ], [ 88.6260153, 26.8648015 ], [ 88.6262084, 26.864717299999938 ], [ 88.626310400000079, 26.864684 ], [ 88.627492800000027, 26.8642413 ], [ 88.627779499999974, 26.864134200000024 ], [ 88.627924700000108, 26.8640911 ], [ 88.62801990000014, 26.864066200000082 ], [ 88.6281126, 26.864048500000024 ], [ 88.628179900000077, 26.864039700000035 ], [ 88.628355, 26.864024700000016 ], [ 88.628578299999958, 26.8640092 ], [ 88.628645, 26.86400650000013 ], [ 88.6289971, 26.863977900000066 ], [ 88.6292889, 26.8639599 ], [ 88.6297181, 26.863925199999983 ], [ 88.630043, 26.863892 ], [ 88.63038360000013, 26.863870300000031 ], [ 88.630860200000143, 26.86383509999996 ], [ 88.631340400000056, 26.863798799999984 ], [ 88.632015000000138, 26.8637989 ], [ 88.632277700000031, 26.86380180000009 ], [ 88.632525500000099, 26.863804599999924 ], [ 88.632757300000094, 26.863806500000123 ], [ 88.632969900000091, 26.863804300000083 ], [ 88.633329900000035, 26.863795800000105 ], [ 88.633831100000123, 26.863760600000035 ], [ 88.634288799999979, 26.863729700000135 ], [ 88.634330600000055, 26.86373 ], [ 88.634757700000023, 26.863699799999949 ], [ 88.634973400000092, 26.86368640000012 ], [ 88.634978199999978, 26.863686100000109 ], [ 88.635001399999965, 26.863684700000135 ], [ 88.6350946, 26.863678900000025 ], [ 88.635303300000032, 26.863658400000077 ], [ 88.635779800000023, 26.863608200000044 ], [ 88.635991600000011, 26.8635931 ], [ 88.636172900000076, 26.863585 ], [ 88.636322700000051, 26.863578700000062 ], [ 88.636559700000078, 26.863562100000138 ], [ 88.636845399999913, 26.863511600000038 ], [ 88.63687589999995, 26.863505100000054 ], [ 88.637313699999936, 26.863361200000043 ], [ 88.63745, 26.863292900000033 ], [ 88.637567, 26.863216500000135 ], [ 88.637689599999987, 26.86313530000001 ], [ 88.637893599999984, 26.862948099999926 ], [ 88.638208800000143, 26.862668200000087 ], [ 88.638256100000149, 26.862616 ], [ 88.638342599999987, 26.8625278 ], [ 88.638495300000045, 26.862395700000093 ], [ 88.638613700000064, 26.86229550000013 ], [ 88.638772900000049, 26.862169199999983 ], [ 88.638882100000046, 26.862082200000089 ], [ 88.638981400000091, 26.862022799999977 ], [ 88.639063800000145, 26.861974300000043 ], [ 88.639087500000016, 26.86196010000009 ], [ 88.639187900000138, 26.861913200000117 ], [ 88.63921920000007, 26.861898399999973 ], [ 88.6392399, 26.861890800000026 ], [ 88.63936080000002, 26.8618452 ], [ 88.6395023, 26.861810199999923 ], [ 88.639658199999985, 26.861787 ], [ 88.639798700000028, 26.86177830000014 ], [ 88.639958, 26.861786200000097 ], [ 88.6401351, 26.861812199999918 ], [ 88.640232500000025, 26.861831 ], [ 88.640338200000087, 26.861862 ], [ 88.640486899999985, 26.8619289 ], [ 88.640664500000071, 26.862031499999944 ], [ 88.640811100000121, 26.862138300000083 ], [ 88.640895400000034, 26.862222799999984 ], [ 88.640986300000066, 26.862312200000076 ], [ 88.641055800000117, 26.862405199999955 ], [ 88.6411182, 26.862504700000045 ], [ 88.641166200000043, 26.862620100000015 ], [ 88.641205300000081, 26.862723099999982 ], [ 88.641332499999919, 26.863150500000017 ], [ 88.641466199999968, 26.863670500000012 ], [ 88.641625, 26.864300300000082 ], [ 88.6416724, 26.864507 ], [ 88.641731, 26.864705400000048 ], [ 88.6417672, 26.8648591 ], [ 88.641856800000141, 26.865182 ], [ 88.641940500000146, 26.865516800000023 ], [ 88.64200430000011, 26.865788399999929 ], [ 88.642124400000114, 26.866204200000084 ], [ 88.642214, 26.866571 ], [ 88.642286099999978, 26.866846899999928 ], [ 88.6423982, 26.86725 ], [ 88.6424434, 26.867412800000068 ], [ 88.642459600000109, 26.867475700000114 ], [ 88.6424601, 26.867477600000086 ], [ 88.64246850000012, 26.867509900000073 ], [ 88.642584600000134, 26.867893300000048 ], [ 88.642662700000017, 26.86815340000004 ], [ 88.64272040000003, 26.868344500000035 ], [ 88.642760899999985, 26.868502200000137 ], [ 88.642817800000103, 26.868695399999979 ], [ 88.642910600000107, 26.869048099999986 ], [ 88.642935600000044, 26.869120300000134 ], [ 88.642987700000106, 26.869225200000074 ], [ 88.643025800000089, 26.869298500000127 ], [ 88.643069800000148, 26.869363499999963 ], [ 88.643103300000064, 26.86940629999998 ], [ 88.6432117, 26.869792299999915 ], [ 88.643568300000027, 26.871011500000122 ], [ 88.644307600000047, 26.873199899999975 ], [ 88.644373600000051, 26.873337399999969 ], [ 88.644492700000114, 26.873466600000029 ], [ 88.644577200000015, 26.873548 ], [ 88.644715, 26.873659700000019 ], [ 88.644800200000134, 26.873704799999985 ], [ 88.6448049, 26.873707100000047 ], [ 88.644981800000096, 26.873793300000045 ], [ 88.645135900000014, 26.873868300000026 ], [ 88.6453451000001, 26.873927 ], [ 88.645613400000116, 26.873960400000044 ], [ 88.645993600000111, 26.873965400000088 ], [ 88.646016300000042, 26.87396480000001 ], [ 88.646078200000034, 26.873963100000083 ], [ 88.646658, 26.8739385 ], [ 88.648783300000048, 26.873942899999975 ], [ 88.649162600000125, 26.873947800000053 ], [ 88.649294, 26.873949099999948 ], [ 88.649389100000064, 26.873951800000043 ], [ 88.649447600000087, 26.873952200000076 ], [ 88.649731799999984, 26.873954100000049 ], [ 88.649967, 26.873957100000098 ], [ 88.65013260000012, 26.873958 ], [ 88.6505067, 26.873960400000044 ], [ 88.6507775, 26.873962900000038 ], [ 88.650901599999941, 26.873959599999978 ], [ 88.650999900000102, 26.873957100000098 ], [ 88.651331900000059, 26.873947199999975 ], [ 88.651609, 26.87393940000004 ], [ 88.651805700000011, 26.873923400000137 ], [ 88.651950400000032, 26.873907600000109 ], [ 88.652072500000031, 26.87389260000009 ], [ 88.652311899999972, 26.873847400000102 ], [ 88.652629200000092, 26.873779399999989 ], [ 88.65285769999997, 26.873713600000031 ], [ 88.653104200000143, 26.873644300000137 ], [ 88.6535811, 26.873512400000095 ], [ 88.653941499999974, 26.873411800000099 ], [ 88.654784700000107, 26.873199300000124 ], [ 88.655333700000028, 26.873060000000123 ], [ 88.655747099999985, 26.87296230000004 ], [ 88.656378599999982, 26.872815300000127 ], [ 88.656746200000043, 26.872713800000099 ], [ 88.657034500000066, 26.872644400000013 ], [ 88.657245499999931, 26.872586300000023 ], [ 88.657556900000145, 26.872506100000123 ], [ 88.657649900000024, 26.872483600000066 ], [ 88.657738300000062, 26.87246070000009 ], [ 88.65788050000009, 26.8724211 ], [ 88.65804879999996, 26.872379200000125 ], [ 88.658355, 26.872304499999984 ], [ 88.658781299999987, 26.8721908 ], [ 88.659033400000112, 26.872129200000018 ], [ 88.659186799999986, 26.872084700000073 ], [ 88.659301800000094, 26.872060900000065 ], [ 88.659392400000115, 26.872037800000101 ], [ 88.659563400000081, 26.871996600000045 ], [ 88.659874200000047, 26.871917200000098 ], [ 88.660168100000021, 26.871843600000034 ], [ 88.660394, 26.871788900000126 ], [ 88.660677400000054, 26.871714700000041 ], [ 88.660866300000066, 26.871668300000067 ], [ 88.660998599999971, 26.871639099999982 ], [ 88.66227960000009, 26.871312899999964 ], [ 88.662370099999919, 26.871289 ], [ 88.662481800000137, 26.87126080000013 ], [ 88.663966800000082, 26.870868 ], [ 88.664085300000124, 26.870836600000018 ], [ 88.665815100000032, 26.87038130000002 ], [ 88.665921399999945, 26.870353000000136 ], [ 88.665949500000011, 26.870345800000109 ], [ 88.666012600000045, 26.87033050000008 ], [ 88.66654740000007, 26.870191400000124 ], [ 88.667660100000148, 26.869921100000113 ], [ 88.667694600000118, 26.869912500000112 ], [ 88.66784280000013, 26.869885900000043 ], [ 88.668055400000128, 26.869857800000034 ], [ 88.66846680000009, 26.869813 ], [ 88.66904820000002, 26.869759200000033 ], [ 88.670054199999981, 26.869693300000108 ], [ 88.670447800000034, 26.8696663 ], [ 88.670468299999925, 26.869666800000061 ], [ 88.670367300000123, 26.868962 ], [ 88.67033779999997, 26.8687559 ], [ 88.670302400000082, 26.868607300000122 ], [ 88.670205, 26.868198 ], [ 88.670178, 26.86789790000006 ], [ 88.670177200000012, 26.867889 ], [ 88.670161000000121, 26.867709800000114 ], [ 88.670182, 26.867539900000111 ], [ 88.670204099999921, 26.867361100000039 ], [ 88.670231800000124, 26.867137300000024 ], [ 88.670383, 26.866737399999977 ], [ 88.670423100000107, 26.866602100000136 ], [ 88.670469600000047, 26.866445300000123 ], [ 88.670685600000013, 26.8657677 ], [ 88.67085070000013, 26.865166800000054 ], [ 88.670872700000018, 26.8648531 ], [ 88.670854600000098, 26.864265600000067 ], [ 88.670817900000088, 26.863527100000056 ], [ 88.670815700000105, 26.863187200000027 ], [ 88.6708134000001, 26.862827500000094 ], [ 88.670812500000011, 26.862684800000011 ], [ 88.670836700000052, 26.862304399999971 ], [ 88.670895700000131, 26.8620148 ], [ 88.671019100000024, 26.861605700000098 ], [ 88.67107070000003, 26.861502900000119 ], [ 88.671109500000057, 26.861425600000075 ], [ 88.67115309999997, 26.861338700000033 ], [ 88.671351700000059, 26.860942900000111 ], [ 88.671442600000091, 26.860770400000092 ], [ 88.671700000000101, 26.8602821 ], [ 88.671785800000066, 26.860119400000031 ], [ 88.671831200000099, 26.860033199999975 ], [ 88.6718398000001, 26.860016800000039 ], [ 88.672016900000017, 26.859787100000062 ], [ 88.672129500000096, 26.859665100000086 ], [ 88.672307, 26.859605400000135 ], [ 88.672357499999919, 26.859588499999973 ], [ 88.672475, 26.859508700000106 ], [ 88.672635400000047, 26.859399699999983 ], [ 88.672720400000117, 26.8593419 ], [ 88.672987800000044, 26.859160200000076 ], [ 88.673117200000092, 26.859063900000081 ], [ 88.673151400000108, 26.8590382000001 ], [ 88.6732212, 26.859009500000013 ], [ 88.673336500000119, 26.859002299999986 ], [ 88.673600500000134, 26.859032499999955 ], [ 88.674025799999981, 26.859081200000105 ], [ 88.674439700000107, 26.859158100000059 ], [ 88.674496499999975, 26.859157400000015 ], [ 88.674519400000122, 26.859150599999964 ], [ 88.674549699999943, 26.8590888 ], [ 88.674567600000046, 26.859052500000018 ], [ 88.674558000000104, 26.859016500000052 ], [ 88.674543500000141, 26.858995100000072 ], [ 88.674491900000135, 26.858958200000075 ], [ 88.6744362, 26.858935300000098 ], [ 88.673774699999967, 26.858827 ], [ 88.673602, 26.858798900000011 ], [ 88.673454500000105, 26.858765400000095 ], [ 88.673341900000025, 26.858681600000068 ], [ 88.673285800000031, 26.85856780000006 ], [ 88.673282900000117, 26.85856200000012 ], [ 88.673207800000114, 26.858461499999976 ], [ 88.6731653, 26.858437700000138 ], [ 88.673041500000068, 26.858368200000086 ], [ 88.672987700000022, 26.858356600000036 ], [ 88.672391100000084, 26.858227900000031 ], [ 88.672344100000089, 26.858174400000053 ], [ 88.672311900000068, 26.8580427 ], [ 88.6723065, 26.8577965 ], [ 88.672290700000076, 26.857077200000049 ], [ 88.672290400000065, 26.857061699999974 ], [ 88.672286799999938, 26.857004900000106 ], [ 88.672280000000114, 26.856897600000082 ], [ 88.672257400000035, 26.856538500000056 ], [ 88.672223400000064, 26.855999199999985 ], [ 88.672183400000108, 26.855641800000114 ], [ 88.672175399999958, 26.8555697 ], [ 88.672163400000045, 26.855462700000032 ], [ 88.672143399999982, 26.855283699999973 ], [ 88.672124100000019, 26.855111400000112 ], [ 88.672094500000014, 26.854746 ], [ 88.67208, 26.854566600000112 ], [ 88.672075900000095, 26.854515600000013 ], [ 88.672070099999985, 26.854207 ], [ 88.672068700000011, 26.854134600000066 ], [ 88.672067799999979, 26.854089600000123 ], [ 88.672068299999978, 26.854027200000075 ], [ 88.672070500000018, 26.853771400000085 ], [ 88.67210330000006, 26.8534891 ], [ 88.672124100000019, 26.853310200000067 ], [ 88.672153699999967, 26.853055900000015 ], [ 88.672167700000045, 26.8528561 ] ] } },
{ "type": "Feature", "properties": { "name": "Route", "distance_km": null, "time_min": null }, "geometry": { "type": "LineString", "coordinates": [ [ 88.7502949, 26.7988266 ], [ 88.7488257, 26.7988926 ], [ 88.7481459, 26.7992109 ], [ 88.7478336, 26.7992736 ], [ 88.7475586, 26.7992846 ], [ 88.7474281, 26.7993037 ], [ 88.7466385, 26.7991494 ], [ 88.7459888, 26.7987236 ], [ 88.7458264, 26.7986171 ], [ 88.7457351, 26.7985573 ], [ 88.7457164, 26.7984803 ], [ 88.7456411, 26.79817 ], [ 88.7452274, 26.7980112 ], [ 88.7446796, 26.7978011 ], [ 88.7445984, 26.7976753 ], [ 88.7443254, 26.7977238 ], [ 88.7440289, 26.797772 ], [ 88.743818, 26.7978186 ], [ 88.7435351, 26.7978698 ], [ 88.7433376, 26.7979055 ], [ 88.7431866, 26.7979328 ], [ 88.7430984, 26.7979488 ], [ 88.743044, 26.7979571 ], [ 88.7429746, 26.7979623 ], [ 88.7429046, 26.7979667 ], [ 88.7427921, 26.7979682 ], [ 88.7426739, 26.7979579 ], [ 88.7426014, 26.79795 ], [ 88.742539, 26.7979546 ], [ 88.7425536, 26.7993135 ], [ 88.7425543, 26.7996802 ], [ 88.7436339, 26.7997351 ] ] } },
{ "type": "Feature", "properties": { "name": "Route", "distance_km": null, "time_min": null }, "geometry": { "type": "LineString", "coordinates": [ [ 88.7230018, 26.7736475 ], [ 88.7230247, 26.7738911 ], [ 88.7220257, 26.7739151 ], [ 88.7214334, 26.7739529 ], [ 88.7202247, 26.7739645 ], [ 88.7200232, 26.7739664 ], [ 88.7189323, 26.7739768 ], [ 88.7186817, 26.7740044 ], [ 88.718465, 26.7731261 ], [ 88.7184216, 26.7729505 ], [ 88.7183555, 26.7726825 ], [ 88.7182079, 26.7718448 ], [ 88.7181976, 26.7717085 ], [ 88.7181919, 26.7716331 ], [ 88.718184, 26.771529 ], [ 88.7181256, 26.7707531 ], [ 88.7178989, 26.7703411 ], [ 88.7177753, 26.7703171 ], [ 88.7176772, 26.7701775 ], [ 88.7176002, 26.7700629 ], [ 88.7174972, 26.7700149 ], [ 88.7169345, 26.7700046 ], [ 88.7165952, 26.7704703 ], [ 88.7162143, 26.7709493 ], [ 88.7160105, 26.7712223 ], [ 88.7157905, 26.7715192 ], [ 88.7154633, 26.7719407 ], [ 88.7148088, 26.7727836 ], [ 88.7144003, 26.7733151 ], [ 88.7140857, 26.7737244 ], [ 88.7140578, 26.7737606 ], [ 88.7133121, 26.774752 ], [ 88.7129505, 26.7752102 ], [ 88.7127489, 26.7754656 ], [ 88.7124324, 26.7758727 ], [ 88.712143, 26.7762423 ], [ 88.7120461, 26.776366 ], [ 88.7119144, 26.7765386 ], [ 88.7117136, 26.7768018 ], [ 88.7110859, 26.7776399 ], [ 88.7104475, 26.7784637 ], [ 88.7104412, 26.7784718 ], [ 88.7103267, 26.7786198 ], [ 88.7097877, 26.7793161 ], [ 88.7097536, 26.7793594 ], [ 88.7090689, 26.780226 ], [ 88.7090566, 26.7802411 ], [ 88.7086344, 26.7807624 ], [ 88.7082857, 26.7812365 ], [ 88.7079799, 26.7816148 ], [ 88.7079022, 26.7817148 ], [ 88.7077874, 26.7818626 ], [ 88.7075186, 26.7822087 ], [ 88.7069231, 26.7829893 ], [ 88.7065691, 26.7834251 ], [ 88.7062955, 26.7837842 ], [ 88.7059414, 26.7842344 ], [ 88.7059274, 26.7842529 ], [ 88.7055874, 26.7847037 ], [ 88.7053622, 26.7849974 ], [ 88.70511, 26.7853262 ], [ 88.7047988, 26.7857429 ], [ 88.7041068, 26.7866527 ], [ 88.7038938, 26.7869336 ], [ 88.7037809, 26.7870826 ], [ 88.7035114, 26.7874381 ], [ 88.7029696, 26.7881516 ], [ 88.7025833, 26.7886544 ], [ 88.702, 26.7894138 ], [ 88.7019396, 26.7894924 ], [ 88.701699, 26.7898129 ], [ 88.7012637, 26.7903927 ], [ 88.7010254, 26.7907091 ], [ 88.7009129, 26.7908582 ], [ 88.700856, 26.7909338 ], [ 88.7006806, 26.7911522 ], [ 88.7003946, 26.7915084 ], [ 88.6998743, 26.792198 ], [ 88.699763, 26.792335 ], [ 88.6995631, 26.7925811 ], [ 88.6994101, 26.7927731 ], [ 88.6992933, 26.7929196 ], [ 88.6987424, 26.7936106 ], [ 88.6983697, 26.7940989 ], [ 88.6982563, 26.7942475 ], [ 88.6979163, 26.7946928 ], [ 88.6972216, 26.795577 ], [ 88.6967576, 26.7961676 ], [ 88.6958671, 26.7973647 ], [ 88.6951712, 26.7982472 ], [ 88.695057, 26.7983954 ], [ 88.6949428, 26.7985436 ], [ 88.6943123, 26.7993624 ], [ 88.6942656, 26.7994231 ], [ 88.6944669, 26.799371 ], [ 88.6947352, 26.7993471 ], [ 88.6950302, 26.7993327 ], [ 88.6950615, 26.7993302 ], [ 88.6953253, 26.7993087 ], [ 88.6955291, 26.7992704 ], [ 88.6959529, 26.799189 ], [ 88.6962157, 26.799122 ], [ 88.6964438, 26.7990923 ], [ 88.6964732, 26.7990885 ], [ 88.6967415, 26.799055 ], [ 88.6968439, 26.799055 ], [ 88.6969614, 26.799055 ], [ 88.6970446, 26.7990448 ], [ 88.697117, 26.7990358 ], [ 88.6972243, 26.7990502 ], [ 88.6972417, 26.7990589 ], [ 88.6974442, 26.7991603 ], [ 88.6975676, 26.7992082 ], [ 88.6977446, 26.7992848 ], [ 88.6978626, 26.7994524 ], [ 88.69794, 26.7996384 ], [ 88.6980102, 26.799807 ], [ 88.6980367, 26.7998707 ], [ 88.6981505, 26.8001442 ], [ 88.6982113, 26.8002903 ], [ 88.6983454, 26.8005585 ], [ 88.6984138, 26.8007506 ], [ 88.6996074, 26.8005458 ], [ 88.6995426, 26.7998344 ], [ 88.6995041, 26.7994119 ], [ 88.6993412, 26.7991385 ], [ 88.6994062, 26.7988005 ], [ 88.7002747, 26.7987247 ], [ 88.7004752, 26.7987072 ], [ 88.7006757, 26.7986897 ], [ 88.7012774, 26.7986372 ], [ 88.7018811, 26.7985816 ], [ 88.7020815, 26.7985632 ], [ 88.7022433, 26.7985483 ], [ 88.7026531, 26.7986958 ], [ 88.7030607, 26.7986958 ], [ 88.7034577, 26.7985953 ], [ 88.703624, 26.7985378 ], [ 88.7037734, 26.7985005 ], [ 88.7038502, 26.798491 ], [ 88.7040961, 26.7984804 ], [ 88.7042195, 26.7984564 ], [ 88.7043258, 26.7984248 ], [ 88.7043824, 26.798408 ], [ 88.7045413, 26.7983607 ], [ 88.7047613, 26.7982793 ], [ 88.7048476, 26.7982424 ], [ 88.704949, 26.7981883 ], [ 88.7050723, 26.7981385 ], [ 88.7051221, 26.798128 ], [ 88.7051619, 26.7981196 ], [ 88.7053153, 26.7980984 ], [ 88.7054625, 26.7981012 ], [ 88.7055069, 26.7981021 ], [ 88.7058073, 26.7981356 ], [ 88.7058627, 26.7981425 ], [ 88.7059624, 26.7981548 ], [ 88.7060194, 26.7981619 ], [ 88.7060615, 26.7981706 ], [ 88.7061238, 26.7981835 ], [ 88.7062204, 26.7982122 ], [ 88.7062505, 26.7982295 ], [ 88.7062731, 26.7982426 ], [ 88.7063071, 26.7982688 ], [ 88.7064211, 26.7983765 ], [ 88.7064832, 26.7984229 ], [ 88.7065476, 26.7984516 ], [ 88.7065786, 26.7984586 ], [ 88.7066288, 26.7984623 ], [ 88.70676, 26.7984675 ], [ 88.7067676, 26.7976041 ], [ 88.7066778, 26.7974038 ], [ 88.706603, 26.7972368 ], [ 88.7064242, 26.796838 ], [ 88.7063169, 26.7964932 ], [ 88.7062873, 26.7962026 ], [ 88.7062691, 26.7960234 ], [ 88.7062311, 26.7956505 ], [ 88.7062993, 26.7954971 ], [ 88.7067199, 26.7945502 ], [ 88.7068093, 26.7945711 ], [ 88.7074235, 26.7947146 ], [ 88.7075534, 26.794814 ], [ 88.7082022, 26.7953105 ], [ 88.7085192, 26.7954519 ], [ 88.708535, 26.7954589 ], [ 88.7087186, 26.7954681 ], [ 88.7094648, 26.7955054 ], [ 88.7099177, 26.7956745 ], [ 88.7106109, 26.7955488 ], [ 88.7111943, 26.7956222 ], [ 88.7114238, 26.795614 ], [ 88.7118324, 26.7955993 ], [ 88.711829, 26.7949712 ], [ 88.7118164, 26.794899 ], [ 88.7117363, 26.7944389 ], [ 88.7117993, 26.7941914 ], [ 88.7119698, 26.7935222 ], [ 88.7120098, 26.7934779 ], [ 88.7120659, 26.7934159 ], [ 88.7122547, 26.7928218 ], [ 88.7123543, 26.7921489 ], [ 88.7122846, 26.7915244 ], [ 88.7122753, 26.7914417 ], [ 88.7122649, 26.7908054 ], [ 88.712262, 26.7906256 ], [ 88.7122444, 26.7895465 ], [ 88.7130311, 26.789236 ], [ 88.7131404, 26.7891929 ], [ 88.7138237, 26.7892512 ], [ 88.7138917, 26.7892571 ], [ 88.7145756, 26.7893166 ], [ 88.7146783, 26.7893592 ], [ 88.7149316, 26.7893762 ], [ 88.7155753, 26.7893021 ], [ 88.7157837, 26.7893747 ], [ 88.7159714, 26.7894401 ], [ 88.7159861, 26.7894452 ], [ 88.7164549, 26.7896959 ], [ 88.7168908, 26.7897765 ], [ 88.7173325, 26.7894195 ], [ 88.7175594, 26.789087 ], [ 88.7177822, 26.7887604 ], [ 88.7178015, 26.7884237 ], [ 88.7178265, 26.787987 ] ] } },
{ "type": "Feature", "properties": { "name": "Route", "distance_km": null, "time_min": null }, "geometry": { "type": "LineString", "coordinates": [ [ 88.7018289, 26.7768697 ], [ 88.7018386, 26.7768402 ], [ 88.7018761, 26.7767269 ], [ 88.7018887, 26.7766661 ], [ 88.7019253, 26.7764893 ], [ 88.7020715, 26.7757818 ], [ 88.7022007, 26.7751567 ], [ 88.701975, 26.775088 ], [ 88.7019398, 26.7749364 ], [ 88.7019151, 26.7748263 ], [ 88.7018982, 26.7747029 ], [ 88.7018665, 26.7744714 ], [ 88.7018476, 26.7743303 ], [ 88.7018221, 26.7741398 ], [ 88.7017981, 26.7738529 ], [ 88.7017904, 26.7737277 ], [ 88.7017894, 26.7736605 ], [ 88.7017868, 26.7734823 ], [ 88.7017872, 26.7734333 ], [ 88.7017896, 26.7731589 ], [ 88.7017911, 26.7730736 ], [ 88.7017967, 26.7727682 ], [ 88.701798, 26.7725341 ], [ 88.7017981, 26.7725196 ], [ 88.7018087, 26.7722038 ], [ 88.7018383, 26.7719653 ], [ 88.7018568, 26.7718649 ], [ 88.7018792, 26.7717438 ], [ 88.7018939, 26.7716882 ], [ 88.701906, 26.7716421 ], [ 88.7019137, 26.771613 ], [ 88.7019334, 26.7715255 ], [ 88.7019405, 26.7714645 ], [ 88.7019412, 26.771316 ], [ 88.7019531, 26.7711524 ], [ 88.7019531, 26.7709775 ], [ 88.7019534, 26.7709732 ], [ 88.7019602, 26.7708673 ], [ 88.7019503, 26.7707472 ], [ 88.7019221, 26.7705886 ], [ 88.7019078, 26.7705239 ], [ 88.7018573, 26.7702954 ], [ 88.7017868, 26.770016 ], [ 88.7016877, 26.7695534 ], [ 88.7016341, 26.7693489 ], [ 88.7016247, 26.7693132 ], [ 88.7015909, 26.7692189 ], [ 88.7015885, 26.7692095 ], [ 88.7015679, 26.7691285 ], [ 88.7015474, 26.768989 ], [ 88.7015057, 26.7688075 ], [ 88.7014909, 26.7687481 ], [ 88.7014695, 26.7687033 ], [ 88.7014509, 26.768676 ], [ 88.7014137, 26.7686507 ], [ 88.7013891, 26.7686392 ], [ 88.7013622, 26.7686322 ], [ 88.7013376, 26.7686272 ], [ 88.7013013, 26.7686214 ], [ 88.7012649, 26.7686184 ], [ 88.7011566, 26.7686067 ], [ 88.7011054, 26.7685945 ], [ 88.7010535, 26.768571 ], [ 88.7009668, 26.7685081 ], [ 88.7009243, 26.7684718 ], [ 88.7009211, 26.7684691 ], [ 88.700879, 26.7684332 ], [ 88.7008563, 26.7684198 ], [ 88.7008544, 26.7684187 ], [ 88.7008365, 26.7684127 ], [ 88.7008197, 26.7684107 ], [ 88.7007364, 26.768409 ], [ 88.7006567, 26.7684064 ], [ 88.7005999, 26.7684045 ], [ 88.7004449, 26.7683977 ], [ 88.7003088, 26.7683917 ], [ 88.7001062, 26.7683878 ], [ 88.699982, 26.768386 ], [ 88.699911, 26.7683771 ], [ 88.6998638, 26.7683639 ], [ 88.6998547, 26.7683614 ], [ 88.6998011, 26.7683463 ], [ 88.6997482, 26.7683249 ], [ 88.6996911, 26.7682934 ], [ 88.699674, 26.768284 ], [ 88.6996651, 26.7682791 ], [ 88.6996212, 26.7682551 ], [ 88.6994895, 26.7681795 ], [ 88.6993172, 26.7680981 ], [ 88.6992845, 26.7680826 ], [ 88.6992269, 26.7680575 ], [ 88.6991463, 26.7680223 ], [ 88.6990558, 26.7679827 ], [ 88.6989635, 26.7679468 ], [ 88.6989582, 26.7679448 ], [ 88.6988278, 26.7679071 ], [ 88.6987424, 26.7678744 ], [ 88.6987101, 26.767859 ], [ 88.6986793, 26.7678385 ], [ 88.6986578, 26.7678256 ], [ 88.6986328, 26.767806 ], [ 88.6986098, 26.7677804 ], [ 88.6985853, 26.7677471 ], [ 88.6985551, 26.7676957 ], [ 88.6985159, 26.7676093 ], [ 88.6984701, 26.7675204 ], [ 88.6983554, 26.7673027 ], [ 88.6982637, 26.7671351 ], [ 88.6982489, 26.7671081 ], [ 88.6982176, 26.7670594 ], [ 88.6983025, 26.7668878 ], [ 88.6984473, 26.7666435 ], [ 88.6986619, 26.7663418 ], [ 88.6986771, 26.7662651 ], [ 88.698678, 26.7662603 ], [ 88.6986244, 26.7662172 ], [ 88.6985171, 26.7661981 ], [ 88.6985028, 26.7661965 ], [ 88.6981255, 26.766155 ], [ 88.6975998, 26.7660831 ], [ 88.6967683, 26.7659634 ], [ 88.6966664, 26.7659155 ], [ 88.6966234, 26.7658101 ], [ 88.6966305, 26.7655336 ], [ 88.6966342, 26.7653886 ], [ 88.6966395, 26.7651491 ], [ 88.6966388, 26.7650733 ], [ 88.6966373, 26.7648935 ], [ 88.6966346, 26.764575 ], [ 88.6966342, 26.7645265 ], [ 88.6966342, 26.76399 ], [ 88.6966449, 26.7638559 ], [ 88.6965805, 26.7637937 ], [ 88.6963552, 26.7637553 ], [ 88.6959529, 26.7637505 ], [ 88.6958753, 26.7637364 ], [ 88.69569, 26.7637027 ], [ 88.6956778, 26.7637009 ], [ 88.6954792, 26.7636705 ], [ 88.6952823, 26.7636404 ], [ 88.69488, 26.7636069 ], [ 88.6945313, 26.7635781 ], [ 88.6939412, 26.7635446 ], [ 88.6938753, 26.7635393 ], [ 88.692972, 26.7634665 ], [ 88.693397, 26.7627316 ], [ 88.6939516, 26.7617727 ], [ 88.6940811, 26.7615487 ], [ 88.6946332, 26.7605941 ], [ 88.6946765, 26.7605212 ], [ 88.6950904, 26.7598136 ], [ 88.69565, 26.758857 ], [ 88.6957432, 26.7586976 ], [ 88.695749, 26.7586877 ], [ 88.6959368, 26.7582266 ], [ 88.6960853, 26.7578519 ], [ 88.6961718, 26.7576337 ], [ 88.6963844, 26.7571668 ], [ 88.6969155, 26.7560004 ], [ 88.6969914, 26.7558338 ], [ 88.6971031, 26.7555885 ], [ 88.6972411, 26.7552854 ], [ 88.6973607, 26.7549973 ], [ 88.6976733, 26.7542443 ], [ 88.6980597, 26.7533695 ], [ 88.6983462, 26.7527854 ], [ 88.6983645, 26.7527481 ], [ 88.6985809, 26.7523069 ], [ 88.6989103, 26.7515895 ], [ 88.6997848, 26.7496158 ], [ 88.6998589, 26.7494487 ], [ 88.6999762, 26.749184 ], [ 88.7004319, 26.7481038 ], [ 88.7008452, 26.7471242 ], [ 88.7008539, 26.7471022 ], [ 88.7009212, 26.7469327 ], [ 88.7009885, 26.7467632 ], [ 88.7011231, 26.7464241 ], [ 88.7017288, 26.7448984 ], [ 88.7018643, 26.7445567 ], [ 88.7022955, 26.7431937 ], [ 88.7023416, 26.7430874 ], [ 88.7032584, 26.7409739 ], [ 88.7036533, 26.7400692 ], [ 88.7037264, 26.7399016 ], [ 88.7039459, 26.7393989 ], [ 88.7039766, 26.7393285 ], [ 88.7041654, 26.7388961 ], [ 88.7043209, 26.7385399 ], [ 88.7045337, 26.7380591 ], [ 88.7047558, 26.7375573 ], [ 88.7052357, 26.7364728 ], [ 88.705348, 26.7362191 ], [ 88.705555, 26.7357513 ], [ 88.70557, 26.7357173 ], [ 88.705601, 26.7356471 ], [ 88.7056439, 26.73555 ], [ 88.7057178, 26.7353826 ], [ 88.7059394, 26.7348807 ], [ 88.7060133, 26.7347133 ], [ 88.7060443, 26.7346431 ], [ 88.7062955, 26.7340743 ], [ 88.7063389, 26.7339735 ], [ 88.706651, 26.7330789 ], [ 88.7069139, 26.7324955 ], [ 88.7070094, 26.7322389 ], [ 88.7070309, 26.7321812 ], [ 88.7070591, 26.7321053 ], [ 88.7074437, 26.7312281 ], [ 88.7075156, 26.731064 ], [ 88.707562, 26.7309582 ], [ 88.7075886, 26.7308925 ], [ 88.7079312, 26.7300468 ], [ 88.7080369, 26.729786 ], [ 88.7081576, 26.7294752 ], [ 88.7085961, 26.7284209 ], [ 88.7087988, 26.7279501 ], [ 88.708807, 26.727931 ], [ 88.70885, 26.7278312 ], [ 88.7088864, 26.7277467 ], [ 88.7089032, 26.7277077 ], [ 88.7093104, 26.7267464 ], [ 88.709749, 26.7256473 ], [ 88.7099849, 26.7251012 ], [ 88.7099982, 26.7250737 ], [ 88.7101748, 26.7247093 ], [ 88.710326, 26.7243972 ], [ 88.7105005, 26.724037 ], [ 88.7109471, 26.7231153 ], [ 88.7111676, 26.7226318 ], [ 88.7112415, 26.7224699 ], [ 88.7112797, 26.7223899 ], [ 88.7115354, 26.7218542 ], [ 88.711684, 26.721543 ], [ 88.7120027, 26.7208754 ], [ 88.7120658, 26.7207432 ], [ 88.7123852, 26.7200741 ], [ 88.7127328, 26.7193458 ], [ 88.7131158, 26.7185928 ], [ 88.7134711, 26.7178942 ], [ 88.713813, 26.717222 ], [ 88.7141481, 26.716563 ], [ 88.7142541, 26.7163545 ], [ 88.7143314, 26.7162025 ], [ 88.7144768, 26.7159177 ], [ 88.7144817, 26.7159081 ], [ 88.7148109, 26.7152631 ], [ 88.7152444, 26.7144139 ], [ 88.7152755, 26.7143529 ], [ 88.7153292, 26.7142187 ], [ 88.7153614, 26.7141373 ], [ 88.7154311, 26.7140941 ], [ 88.7154643, 26.7140254 ], [ 88.7155438, 26.7138451 ], [ 88.7156358, 26.7136366 ], [ 88.7156922, 26.7135191 ], [ 88.7157688, 26.7133594 ], [ 88.7160708, 26.7127304 ], [ 88.7163156, 26.7121626 ], [ 88.7163753, 26.7120447 ], [ 88.716599, 26.7116058 ], [ 88.7166331, 26.7115389 ], [ 88.7167748, 26.7112761 ], [ 88.7167841, 26.7112535 ], [ 88.7168734, 26.7110361 ], [ 88.7170047, 26.7107166 ], [ 88.7170797, 26.7105696 ], [ 88.7173557, 26.710029 ], [ 88.7174846, 26.7095322 ], [ 88.7176429, 26.7091859 ], [ 88.7178777, 26.7086722 ], [ 88.7178944, 26.7086355 ], [ 88.7178961, 26.7086319 ], [ 88.7181115, 26.7082043 ], [ 88.718146, 26.708128 ], [ 88.718348, 26.707681 ], [ 88.7184549, 26.7074637 ], [ 88.7185209, 26.707323 ], [ 88.7186829, 26.7069729 ], [ 88.7187754, 26.7067728 ], [ 88.7189572, 26.7064096 ], [ 88.718996, 26.7063104 ], [ 88.7191596, 26.7058918 ], [ 88.7194779, 26.7048268 ], [ 88.719492, 26.7047734 ], [ 88.7195838, 26.7044247 ], [ 88.7197928, 26.7037729 ], [ 88.7199213, 26.7032556 ], [ 88.719931, 26.7032204 ], [ 88.7200341, 26.7028475 ], [ 88.7202173, 26.7022508 ], [ 88.7202879, 26.7020299 ], [ 88.720381, 26.7017488 ], [ 88.7204988, 26.7013938 ], [ 88.7205427, 26.7012608 ], [ 88.7206955, 26.7007592 ], [ 88.7208877, 26.7002167 ], [ 88.7210826, 26.6998011 ], [ 88.7210966, 26.6997242 ], [ 88.7212139, 26.699436 ], [ 88.7213074, 26.6991666 ], [ 88.721375, 26.6989541 ], [ 88.7214501, 26.6987474 ], [ 88.721492, 26.6986309 ], [ 88.7215314, 26.6985216 ], [ 88.7215551, 26.6984602 ], [ 88.7216026, 26.6983373 ], [ 88.7216552, 26.6982233 ], [ 88.7217001, 26.6981247 ], [ 88.721729, 26.6980613 ], [ 88.7220498, 26.6974768 ], [ 88.7220735, 26.6974299 ], [ 88.72222, 26.6971394 ], [ 88.7222458, 26.6970882 ], [ 88.7223089, 26.696978 ], [ 88.7223276, 26.6969496 ], [ 88.7223969, 26.6968158 ], [ 88.722892, 26.6958761 ], [ 88.7229635, 26.695708 ], [ 88.7231235, 26.6953312 ], [ 88.7234598, 26.694702 ], [ 88.723723, 26.6942373 ], [ 88.7238139, 26.6940768 ], [ 88.7242042, 26.6933874 ], [ 88.7243374, 26.6931048 ], [ 88.7246378, 26.6925759 ], [ 88.7247388, 26.6923824 ], [ 88.7262857, 26.6894201 ], [ 88.7265189, 26.6889898 ], [ 88.7266907, 26.6886202 ], [ 88.7269547, 26.6880657 ], [ 88.7270316, 26.6879162 ], [ 88.7277048, 26.6866076 ], [ 88.7279095, 26.6862625 ], [ 88.7282012, 26.6858083 ], [ 88.728313, 26.6856066 ], [ 88.7285165, 26.685221 ], [ 88.7287567, 26.6847645 ], [ 88.7288093, 26.6846646 ], [ 88.728913, 26.6844724 ], [ 88.7291598, 26.6840103 ], [ 88.7292012, 26.6839316 ], [ 88.7292335, 26.6838717 ], [ 88.7295929, 26.683197 ], [ 88.7297479, 26.6829115 ], [ 88.7299384, 26.6825601 ], [ 88.7301023, 26.6822291 ], [ 88.7302994, 26.6818766 ], [ 88.7304248, 26.6816393 ], [ 88.7306032, 26.6813568 ], [ 88.7309133, 26.6810286 ], [ 88.7310841, 26.6808828 ], [ 88.7311832, 26.6808032 ], [ 88.7312829, 26.6807275 ], [ 88.731368, 26.6806747 ], [ 88.7314369, 26.6806289 ], [ 88.7316236, 26.6804943 ], [ 88.7317408, 26.6804391 ], [ 88.7318405, 26.6803841 ], [ 88.7319426, 26.6803484 ], [ 88.7320445, 26.6803199 ], [ 88.7321854, 26.6802783 ], [ 88.7323223, 26.6802474 ], [ 88.7324606, 26.6802177 ], [ 88.7326202, 26.6801802 ], [ 88.7326757, 26.6801726 ], [ 88.7328108, 26.6801542 ], [ 88.733009, 26.6801346 ], [ 88.7331661, 26.6801289 ], [ 88.7333831, 26.6801215 ], [ 88.7335839, 26.6801152 ], [ 88.733836, 26.6801315 ], [ 88.7340633, 26.6801455 ], [ 88.7345962, 26.6801633 ], [ 88.7349266, 26.6801766 ], [ 88.735252, 26.6801897 ], [ 88.7355728, 26.6801962 ], [ 88.7360813, 26.6802052 ], [ 88.73645, 26.6802132 ], [ 88.7365075, 26.6802151 ], [ 88.7366512, 26.6802196 ], [ 88.7369794, 26.6802414 ], [ 88.7381133, 26.6802785 ], [ 88.7385185, 26.6802901 ], [ 88.7385844, 26.680292 ], [ 88.7389199, 26.6803188 ], [ 88.739237, 26.6803628 ], [ 88.7393748, 26.6803983 ], [ 88.7395544, 26.6804675 ], [ 88.739708, 26.6805421 ], [ 88.7397981, 26.6805984 ], [ 88.7398843, 26.6806562 ], [ 88.7399878, 26.6807429 ], [ 88.7400877, 26.6808321 ], [ 88.7401734, 26.6809345 ], [ 88.7402436, 26.6810341 ], [ 88.7404236, 26.6813357 ], [ 88.7406324, 26.6817639 ], [ 88.7407421, 26.6819897 ], [ 88.7409484, 26.6824224 ], [ 88.7410994, 26.6827338 ], [ 88.7413209, 26.6831578 ], [ 88.741441, 26.6834098 ], [ 88.7414644, 26.6834548 ], [ 88.7414846, 26.6834935 ], [ 88.7415047, 26.6835322 ], [ 88.7415756, 26.6836684 ], [ 88.7417574, 26.6839858 ], [ 88.7419293, 26.6841999 ], [ 88.7420486, 26.6843296 ], [ 88.7420932, 26.6843784 ], [ 88.7421337, 26.6844163 ], [ 88.7421985, 26.6844791 ], [ 88.7423481, 26.6846401 ], [ 88.7426441, 26.6848987 ], [ 88.7429012, 26.68511 ], [ 88.7433489, 26.6854778 ], [ 88.7437761, 26.6858538 ], [ 88.743816, 26.6858889 ], [ 88.7438906, 26.6859546 ], [ 88.7442058, 26.6862532 ], [ 88.7444209, 26.6864628 ], [ 88.7445942, 26.6865955 ], [ 88.7447241, 26.6866865 ], [ 88.7449355, 26.6867785 ], [ 88.7453134, 26.6868629 ], [ 88.7458608, 26.6869349 ], [ 88.7463667, 26.6869821 ], [ 88.7466222, 26.6869783 ], [ 88.7470654, 26.6869684 ], [ 88.7476689, 26.6869571 ], [ 88.7477626, 26.6869554 ], [ 88.7484235, 26.686892 ], [ 88.7488672, 26.6868278 ], [ 88.7493636, 26.6867014 ], [ 88.7495146, 26.6866597 ], [ 88.7498298, 26.6865726 ], [ 88.7503582, 26.6864237 ], [ 88.7507044, 26.6863039 ], [ 88.7510693, 26.6861982 ], [ 88.7511961, 26.6861672 ], [ 88.7513325, 26.6861338 ], [ 88.7514186, 26.686131 ], [ 88.7514742, 26.6861359 ], [ 88.7515306, 26.6861485 ], [ 88.7515768, 26.6861639 ], [ 88.751634, 26.6861912 ], [ 88.75167, 26.6862157 ], [ 88.7516927, 26.6862318 ], [ 88.7518719, 26.6864185 ], [ 88.7518854, 26.6864326 ], [ 88.7520029, 26.6865663 ], [ 88.7521023, 26.6867126 ], [ 88.7522049, 26.6870365 ], [ 88.7522691, 26.6872828 ], [ 88.7523694, 26.6874689 ], [ 88.7526921, 26.6878986 ], [ 88.752728, 26.6879413 ], [ 88.7528488, 26.6880852 ], [ 88.7530903, 26.6883729 ], [ 88.753552, 26.688923 ], [ 88.7541607, 26.6896789 ], [ 88.7554572, 26.6912793 ], [ 88.755459, 26.6912817 ], [ 88.7561559, 26.6921864 ], [ 88.7563957, 26.6924718 ], [ 88.7565095, 26.6926135 ], [ 88.7566927, 26.6928045 ], [ 88.756812, 26.6929304 ], [ 88.756989, 26.693117 ], [ 88.7572783, 26.6934274 ], [ 88.7574901, 26.6936497 ], [ 88.7575518, 26.6937246 ], [ 88.757596, 26.6937995 ], [ 88.7576387, 26.6938857 ], [ 88.7576673, 26.6939928 ], [ 88.7576689, 26.6940251 ], [ 88.7576661, 26.6941655 ], [ 88.7576664, 26.6942459 ], [ 88.7576628, 26.6942901 ], [ 88.757668, 26.6944406 ], [ 88.7576925, 26.6945629 ], [ 88.757755, 26.6946746 ], [ 88.757897, 26.6948429 ], [ 88.7579823, 26.6949209 ], [ 88.7581961, 26.6951162 ], [ 88.7583768, 26.6953026 ], [ 88.7585143, 26.69546 ], [ 88.7586979, 26.6956702 ], [ 88.7589302, 26.6959691 ], [ 88.7590652, 26.6961662 ], [ 88.7591423, 26.6963495 ], [ 88.7592496, 26.6966507 ], [ 88.7596526, 26.697689 ], [ 88.7596869, 26.6977773 ], [ 88.7598043, 26.6980299 ], [ 88.7598096, 26.6980381 ], [ 88.7598493, 26.6981 ], [ 88.7598996, 26.6981563 ], [ 88.7599881, 26.6982318 ], [ 88.7601047, 26.6983216 ], [ 88.7603063, 26.6984596 ], [ 88.7604977, 26.6985777 ], [ 88.7605662, 26.69862 ], [ 88.7616572, 26.6992934 ], [ 88.7619572, 26.6994762 ], [ 88.7627685, 26.6999089 ], [ 88.763397, 26.7002872 ], [ 88.7636673, 26.7004593 ], [ 88.7636981, 26.7004728 ], [ 88.7637279, 26.7004837 ], [ 88.7637607, 26.7004902 ], [ 88.7637954, 26.7004943 ], [ 88.7638747, 26.7004976 ], [ 88.764221, 26.7007582 ], [ 88.764747, 26.7010614 ], [ 88.7653684, 26.7014206 ], [ 88.7659547, 26.7017814 ], [ 88.7664039, 26.7020416 ], [ 88.7668266, 26.7022759 ], [ 88.7677435, 26.7028267 ], [ 88.7678271, 26.7028841 ], [ 88.7679143, 26.7029475 ], [ 88.7679532, 26.7029799 ], [ 88.7679931, 26.7030213 ], [ 88.7680443, 26.7031008 ], [ 88.7681262, 26.7032272 ], [ 88.7681813, 26.7033273 ], [ 88.7682155, 26.7033894 ], [ 88.7682237, 26.7034041 ], [ 88.7682664, 26.703509 ], [ 88.7682937, 26.7036025 ], [ 88.7683208, 26.7037055 ], [ 88.7683627, 26.7038643 ], [ 88.768387, 26.7039923 ], [ 88.7683997, 26.7040825 ], [ 88.7684568, 26.7046563 ], [ 88.7685207, 26.7053001 ], [ 88.768551, 26.7055525 ], [ 88.7685879, 26.7057512 ], [ 88.7685954, 26.7058748 ], [ 88.7685952, 26.7059068 ], [ 88.7685914, 26.7060237 ], [ 88.7685841, 26.7061156 ], [ 88.7685637, 26.7063261 ], [ 88.768479, 26.7069837 ], [ 88.7684458, 26.7073714 ], [ 88.7684065, 26.7077727 ], [ 88.7683704, 26.7080837 ], [ 88.7683092, 26.7085541 ], [ 88.7682905, 26.708673 ], [ 88.768221, 26.7091735 ], [ 88.7682074, 26.7093372 ], [ 88.7682068, 26.7093472 ], [ 88.7681699, 26.7097016 ], [ 88.7681017, 26.7102637 ], [ 88.7680847, 26.710417 ], [ 88.7680649, 26.710596 ], [ 88.7680474, 26.7107543 ], [ 88.7680451, 26.710775 ], [ 88.7679061, 26.7120279 ], [ 88.7678862, 26.7122069 ], [ 88.7678663, 26.7123859 ], [ 88.7678486, 26.7125451 ], [ 88.7678464, 26.7125649 ], [ 88.7677032, 26.7138605 ], [ 88.7676685, 26.7141567 ], [ 88.7676287, 26.7144952 ], [ 88.7676077, 26.714674 ], [ 88.7675236, 26.7153896 ], [ 88.7674395, 26.7161051 ], [ 88.7674372, 26.7161247 ], [ 88.7673762, 26.716643 ], [ 88.7673362, 26.7169997 ], [ 88.7673098, 26.7171655 ], [ 88.7672462, 26.717545 ], [ 88.767236, 26.7176508 ], [ 88.767233, 26.7177424 ], [ 88.7672331, 26.7178076 ], [ 88.7672375, 26.7178582 ], [ 88.7672475, 26.7179731 ], [ 88.7672702, 26.7181062 ], [ 88.767306, 26.7182411 ], [ 88.7673561, 26.7183854 ], [ 88.7673268, 26.7183965 ], [ 88.7672974, 26.718402 ], [ 88.7672663, 26.7184034 ], [ 88.7672459, 26.7183995 ], [ 88.7672178, 26.7183919 ], [ 88.7671953, 26.7183773 ], [ 88.7671908, 26.7183736 ], [ 88.7671543, 26.7183506 ], [ 88.7671187, 26.7183163 ], [ 88.7670686, 26.7182704 ], [ 88.7670101, 26.7181943 ], [ 88.7665987, 26.7176147 ], [ 88.766413, 26.717304 ], [ 88.7662138, 26.7170491 ], [ 88.7660532, 26.7168472 ], [ 88.7652444, 26.7157372 ], [ 88.7651738, 26.7156403 ], [ 88.7650018, 26.7154774 ], [ 88.764784, 26.7152711 ], [ 88.7647158, 26.7152252 ], [ 88.7646978, 26.7152131 ], [ 88.7646222, 26.7151622 ], [ 88.764449, 26.7150776 ], [ 88.7642716, 26.7150421 ], [ 88.7641539, 26.7150248 ], [ 88.7640657, 26.7150187 ], [ 88.7639648, 26.7150114 ], [ 88.7638161, 26.7150324 ], [ 88.7631648, 26.7152597 ], [ 88.7628464, 26.7153802 ], [ 88.7622399, 26.7156149 ], [ 88.7620886, 26.7156734 ], [ 88.761961, 26.7157139 ], [ 88.7618361, 26.7157283 ], [ 88.761385, 26.7157656 ], [ 88.7601811, 26.715865 ], [ 88.7597722, 26.7159094 ], [ 88.7595867, 26.7159387 ], [ 88.7594096, 26.7159812 ], [ 88.7591948, 26.7160579 ], [ 88.7586677, 26.7163151 ], [ 88.75835, 26.7164606 ], [ 88.7565335, 26.7172946 ], [ 88.7561563, 26.7174736 ], [ 88.7559765, 26.7175803 ], [ 88.7557436, 26.7177537 ], [ 88.7556386, 26.7178571 ], [ 88.7555421, 26.7179635 ], [ 88.7554959, 26.7180255 ], [ 88.7554799, 26.7181374 ], [ 88.7554651, 26.718318 ], [ 88.7554443, 26.7186439 ], [ 88.7554376, 26.7189391 ], [ 88.7554251, 26.7189721 ], [ 88.755404, 26.7189932 ], [ 88.7553698, 26.7190103 ], [ 88.7553388, 26.7190226 ], [ 88.7552565, 26.719032 ], [ 88.7549669, 26.71902 ], [ 88.7544385, 26.7189505 ], [ 88.7544049, 26.7189479 ], [ 88.75413, 26.7189266 ], [ 88.753835, 26.7189242 ], [ 88.7536311, 26.7189314 ], [ 88.7533844, 26.7189553 ], [ 88.7531322, 26.7190416 ], [ 88.7528077, 26.7191829 ], [ 88.7526792, 26.7192652 ], [ 88.7524778, 26.7193986 ], [ 88.7523624, 26.7194489 ], [ 88.7521747, 26.7195399 ], [ 88.7518126, 26.7196932 ], [ 88.751644, 26.7197804 ], [ 88.7516267, 26.7197893 ], [ 88.7513003, 26.7199472 ], [ 88.751274, 26.7199627 ], [ 88.7511045, 26.7200598 ], [ 88.7509006, 26.7201892 ], [ 88.7506995, 26.7203617 ], [ 88.7504661, 26.7205629 ], [ 88.7502904, 26.7207261 ], [ 88.749927, 26.7210181 ], [ 88.7497902, 26.7211259 ], [ 88.7496212, 26.7212265 ], [ 88.7495005, 26.7212888 ], [ 88.7491679, 26.7214469 ], [ 88.7488675, 26.7216362 ], [ 88.7486959, 26.7217081 ], [ 88.7484384, 26.7217991 ], [ 88.7480736, 26.7219429 ], [ 88.7478215, 26.7220291 ], [ 88.747564, 26.7221106 ], [ 88.7471348, 26.7221968 ], [ 88.7469685, 26.7222304 ], [ 88.7468398, 26.7222543 ], [ 88.7459574, 26.7224357 ], [ 88.7455577, 26.7225178 ], [ 88.7449676, 26.7226424 ], [ 88.7445009, 26.7227478 ], [ 88.7440047, 26.7228221 ], [ 88.743884, 26.7228628 ], [ 88.7438023, 26.7229055 ], [ 88.7437901, 26.7229119 ], [ 88.7437366, 26.7229902 ], [ 88.7436935, 26.7230533 ], [ 88.7436466, 26.7232833 ], [ 88.7436144, 26.7235193 ], [ 88.7435728, 26.723657 ], [ 88.7434494, 26.7237984 ], [ 88.7433636, 26.7239217 ], [ 88.743348, 26.723966 ], [ 88.7433314, 26.7240128 ], [ 88.7433341, 26.7241685 ], [ 88.7434092, 26.7243817 ], [ 88.7437687, 26.7249723 ], [ 88.7438974, 26.7252106 ], [ 88.74401, 26.7253975 ], [ 88.7440736, 26.7254922 ], [ 88.7441897, 26.7256682 ], [ 88.7442769, 26.7258163 ], [ 88.7443534, 26.7259461 ], [ 88.7445626, 26.726303 ], [ 88.7446121, 26.7263847 ], [ 88.7447208, 26.7265642 ], [ 88.7448114, 26.7267092 ], [ 88.744863, 26.7267918 ], [ 88.7449983, 26.7270249 ], [ 88.7450132, 26.7270505 ], [ 88.7452117, 26.7273643 ], [ 88.7454517, 26.7277622 ], [ 88.7455282, 26.727889 ], [ 88.7457266, 26.7281884 ], [ 88.7458929, 26.7284926 ], [ 88.74596, 26.7286316 ], [ 88.7459895, 26.728713 ], [ 88.7460056, 26.7287849 ], [ 88.7460163, 26.7288544 ], [ 88.7460036, 26.7289012 ], [ 88.7459949, 26.7289334 ], [ 88.745968, 26.7289957 ], [ 88.7459064, 26.7290652 ], [ 88.7458071, 26.7291419 ], [ 88.7455791, 26.7293215 ], [ 88.745327, 26.7295204 ], [ 88.7451425, 26.7296676 ], [ 88.7450749, 26.7297216 ], [ 88.7447906, 26.7299324 ], [ 88.7446878, 26.7300224 ], [ 88.7445439, 26.7301483 ], [ 88.7445223, 26.7301672 ], [ 88.7443896, 26.7302637 ], [ 88.7442917, 26.7303349 ], [ 88.7442325, 26.7303762 ], [ 88.7440739, 26.730487 ], [ 88.7439591, 26.7305672 ], [ 88.7436453, 26.7308188 ], [ 88.7433556, 26.7310463 ], [ 88.7430847, 26.7312619 ], [ 88.7428138, 26.7314704 ], [ 88.7425573, 26.73167 ], [ 88.7425429, 26.7316812 ], [ 88.7424048, 26.7317876 ], [ 88.7421325, 26.7319974 ], [ 88.7418294, 26.7322369 ], [ 88.7417302, 26.7323088 ], [ 88.7416872, 26.7323639 ], [ 88.7416716, 26.7323964 ], [ 88.7416711, 26.7323974 ], [ 88.7416711, 26.732431 ], [ 88.7416685, 26.7324621 ], [ 88.7416711, 26.73251 ], [ 88.7416953, 26.7325507 ], [ 88.7417328, 26.7325986 ], [ 88.7418428, 26.7327112 ], [ 88.7421137, 26.7330322 ], [ 88.7423497, 26.733291 ], [ 88.742559, 26.7335257 ], [ 88.7426964, 26.7336856 ], [ 88.7427896, 26.733794 ], [ 88.7429559, 26.7339665 ], [ 88.7429847, 26.7339971 ], [ 88.7431517, 26.7341749 ], [ 88.7434119, 26.7344671 ], [ 88.7436613, 26.7347426 ], [ 88.7437126, 26.7348019 ], [ 88.7438706, 26.7349846 ], [ 88.7440825, 26.7352289 ], [ 88.7441131, 26.7352638 ], [ 88.7443373, 26.7355188 ], [ 88.7444523, 26.7356553 ], [ 88.7445089, 26.7357224 ], [ 88.7446859, 26.735914 ], [ 88.744863, 26.7361224 ], [ 88.7449818, 26.7362551 ], [ 88.7450346, 26.736314 ], [ 88.7451956, 26.7365129 ], [ 88.7453753, 26.7367165 ], [ 88.7455282, 26.7368842 ], [ 88.7455701, 26.7369291 ], [ 88.7457964, 26.7371716 ], [ 88.7459198, 26.7373034 ], [ 88.7460083, 26.7374135 ], [ 88.7460871, 26.7375356 ], [ 88.7460887, 26.7375381 ], [ 88.7461156, 26.7376627 ], [ 88.7461317, 26.7378112 ], [ 88.746133, 26.7378919 ], [ 88.746137, 26.7381274 ], [ 88.7461469, 26.7384314 ], [ 88.7461478, 26.7384579 ], [ 88.7461638, 26.7388053 ], [ 88.7461612, 26.7391239 ], [ 88.7461612, 26.7393203 ], [ 88.7461692, 26.7394928 ], [ 88.7461746, 26.73967 ], [ 88.7461746, 26.7398065 ], [ 88.7461665, 26.739864 ], [ 88.7461637, 26.7398687 ], [ 88.7461478, 26.7398952 ], [ 88.7461182, 26.7399072 ], [ 88.746078, 26.7399311 ], [ 88.7460217, 26.7399407 ], [ 88.745952, 26.7399599 ], [ 88.7458929, 26.7399742 ], [ 88.7458393, 26.7399958 ], [ 88.745783, 26.7400221 ], [ 88.7457374, 26.7400724 ], [ 88.7457025, 26.7401299 ], [ 88.745673, 26.7402018 ], [ 88.7456435, 26.740288 ], [ 88.7456167, 26.7403551 ], [ 88.7455603, 26.7404006 ], [ 88.745504, 26.7404174 ], [ 88.7454934, 26.7404193 ], [ 88.745437, 26.7404293 ], [ 88.7453377, 26.7404246 ], [ 88.7452278, 26.7404174 ], [ 88.744989, 26.7403958 ], [ 88.7449268, 26.74039 ], [ 88.7448924, 26.7403868 ], [ 88.7448647, 26.7403842 ], [ 88.7447074, 26.7403695 ], [ 88.7444526, 26.7403359 ], [ 88.7441871, 26.7403 ], [ 88.7439725, 26.7402808 ], [ 88.743928, 26.7402766 ], [ 88.7437204, 26.7402569 ], [ 88.743487, 26.7402401 ], [ 88.7432644, 26.7402353 ], [ 88.7430981, 26.7402401 ], [ 88.7429827, 26.7402521 ], [ 88.7429041, 26.740297 ], [ 88.7427994, 26.7403468 ], [ 88.7426878, 26.7404155 ], [ 88.7426205, 26.7404601 ], [ 88.7425243, 26.7405257 ], [ 88.742408, 26.7406317 ], [ 88.7422969, 26.740756 ], [ 88.7422249, 26.7408572 ], [ 88.7421356, 26.7410461 ], [ 88.7421107, 26.7411471 ], [ 88.7420777, 26.7412855 ], [ 88.7420068, 26.7416176 ], [ 88.7418754, 26.7421687 ], [ 88.7418087, 26.7423946 ], [ 88.7417605, 26.7425803 ], [ 88.7417146, 26.7427684 ], [ 88.74167, 26.7430231 ], [ 88.7416477, 26.7432794 ], [ 88.7416473, 26.743316 ], [ 88.7416257, 26.7435859 ], [ 88.741599, 26.7438855 ], [ 88.7415777, 26.7441931 ], [ 88.7415505, 26.7444664 ], [ 88.7415148, 26.7448922 ], [ 88.7415122, 26.7449238 ], [ 88.7414747, 26.7453733 ], [ 88.7414479, 26.7456599 ], [ 88.7414249, 26.745849 ], [ 88.741391, 26.7461405 ], [ 88.741391, 26.7461779 ], [ 88.7413908, 26.7462911 ], [ 88.7413903, 26.7463578 ], [ 88.7413898, 26.7464415 ], [ 88.7413797, 26.7466198 ], [ 88.7413639, 26.7467906 ], [ 88.7413463, 26.7469722 ], [ 88.7412985, 26.7471851 ], [ 88.7412662, 26.7472749 ], [ 88.7412143, 26.7473544 ], [ 88.741172, 26.7474008 ], [ 88.7411593, 26.7474147 ], [ 88.7410773, 26.7474777 ], [ 88.7409208, 26.7475724 ], [ 88.7408197, 26.7476384 ], [ 88.7407013, 26.7477265 ], [ 88.74057, 26.7478359 ], [ 88.7405501, 26.7478552 ], [ 88.7404582, 26.7479446 ], [ 88.7403696, 26.7480303 ], [ 88.7401858, 26.7482191 ], [ 88.7400515, 26.748346 ], [ 88.7399041, 26.7485077 ], [ 88.7397805, 26.74863 ], [ 88.739693, 26.7487416 ], [ 88.739604, 26.748866 ], [ 88.7395344, 26.7489694 ], [ 88.739454, 26.7491076 ], [ 88.7394035, 26.7492343 ], [ 88.7393988, 26.7493021 ], [ 88.7393906, 26.7494765 ], [ 88.7394026, 26.7496449 ], [ 88.7394114, 26.7498146 ], [ 88.7394215, 26.7500841 ], [ 88.739425, 26.7501711 ], [ 88.7394336, 26.750384 ], [ 88.7394399, 26.7506375 ], [ 88.7394411, 26.7508482 ], [ 88.7394319, 26.75125 ], [ 88.7394301, 26.7513287 ], [ 88.7394182, 26.7515541 ], [ 88.7393982, 26.7517606 ], [ 88.7393942, 26.7517883 ], [ 88.7393686, 26.7519666 ], [ 88.7393676, 26.7519734 ], [ 88.7393426, 26.7521228 ], [ 88.739303, 26.7523459 ], [ 88.7392761, 26.7524922 ], [ 88.7392457, 26.7526771 ], [ 88.7392197, 26.7528639 ], [ 88.7391904, 26.753034 ], [ 88.7391888, 26.7530433 ], [ 88.7391579, 26.7531881 ], [ 88.7390851, 26.753392 ], [ 88.7390249, 26.7535503 ], [ 88.7389533, 26.7537132 ], [ 88.7388584, 26.7538998 ], [ 88.7387802, 26.7540328 ], [ 88.7386741, 26.7541481 ], [ 88.7385741, 26.7542506 ], [ 88.738436, 26.7543764 ], [ 88.7383437, 26.75446 ], [ 88.7381967, 26.7545891 ], [ 88.7380788, 26.7546924 ], [ 88.7380482, 26.7547221 ], [ 88.7379488, 26.7548431 ], [ 88.7378738, 26.7549569 ], [ 88.7378069, 26.7550705 ], [ 88.7377486, 26.7551917 ], [ 88.7376932, 26.7553147 ], [ 88.7376302, 26.7554665 ], [ 88.7375419, 26.7556834 ], [ 88.7374319, 26.7559585 ], [ 88.7373626, 26.7561361 ], [ 88.7372885, 26.7563165 ], [ 88.7372342, 26.7564583 ], [ 88.7371588, 26.7566614 ], [ 88.7370663, 26.7569009 ], [ 88.7369895, 26.757096 ], [ 88.7369081, 26.7573043 ], [ 88.7368261, 26.7574962 ], [ 88.7368224, 26.7575039 ], [ 88.7367551, 26.7576485 ], [ 88.7367197, 26.7577195 ], [ 88.7366649, 26.757863 ], [ 88.7365992, 26.7580468 ], [ 88.7365224, 26.7582334 ], [ 88.7365106, 26.7582699 ], [ 88.7364451, 26.7584729 ], [ 88.7363764, 26.7586735 ], [ 88.7363379, 26.7587869 ], [ 88.7362881, 26.7589333 ], [ 88.7362083, 26.7591583 ], [ 88.7361634, 26.7592775 ], [ 88.7361181, 26.7593976 ], [ 88.7360395, 26.7596803 ], [ 88.7359136, 26.7600138 ], [ 88.7358618, 26.7601454 ], [ 88.7357335, 26.7604714 ], [ 88.7356141, 26.7608298 ], [ 88.7355235, 26.7611019 ], [ 88.7353837, 26.7615192 ], [ 88.7352444, 26.7619353 ], [ 88.7351854, 26.7620363 ], [ 88.7352553, 26.762181 ], [ 88.7352977, 26.7622914 ], [ 88.7354035, 26.7625393 ], [ 88.735547, 26.7628755 ], [ 88.7356468, 26.763109 ], [ 88.7358454, 26.763472 ], [ 88.735931, 26.7636348 ], [ 88.7360193, 26.7638459 ], [ 88.7360559, 26.7639762 ], [ 88.7361049, 26.7641507 ], [ 88.7361539, 26.7643251 ], [ 88.7363579, 26.7648332 ], [ 88.7364259, 26.7650024 ], [ 88.7366366, 26.7655271 ], [ 88.7366582, 26.7655848 ], [ 88.7366683, 26.7656677 ], [ 88.7366638, 26.765778 ], [ 88.7366739, 26.7658501 ], [ 88.7369692, 26.7665034 ], [ 88.7371837, 26.7670394 ], [ 88.7374548, 26.767717 ], [ 88.7375226, 26.7678863 ], [ 88.7377949, 26.7685666 ], [ 88.7380716, 26.7692391 ], [ 88.7384927, 26.7702623 ], [ 88.7387724, 26.7708382 ], [ 88.7388097, 26.770915 ], [ 88.7389396, 26.7712765 ], [ 88.7393157, 26.7721849 ], [ 88.7393856, 26.7723535 ], [ 88.7396774, 26.7730581 ], [ 88.7399449, 26.773703 ], [ 88.7402248, 26.7743777 ], [ 88.7406228, 26.7753371 ], [ 88.7406449, 26.7753896 ], [ 88.7406747, 26.7754662 ], [ 88.7409307, 26.7761255 ], [ 88.7409784, 26.7762382 ], [ 88.740987, 26.7762586 ], [ 88.7415084, 26.7774916 ], [ 88.7415205, 26.7775185 ], [ 88.7417085, 26.7779379 ], [ 88.7418307, 26.7782548 ], [ 88.7419063, 26.7784509 ], [ 88.7420741, 26.7789097 ], [ 88.7421154, 26.7791588 ], [ 88.7421841, 26.7797604 ], [ 88.7421893, 26.7798946 ], [ 88.7421961, 26.7800683 ], [ 88.7422326, 26.781003 ], [ 88.7422525, 26.7815124 ], [ 88.7422859, 26.7826785 ], [ 88.7422917, 26.7828811 ], [ 88.7423173, 26.7838084 ], [ 88.7423487, 26.784943 ], [ 88.7423497, 26.785016 ], [ 88.7423497, 26.7857355 ], [ 88.7423497, 26.786378 ], [ 88.7423473, 26.7866474 ], [ 88.7423593, 26.7872772 ], [ 88.7423639, 26.7875167 ], [ 88.7423833, 26.7885361 ], [ 88.7423844, 26.7885957 ], [ 88.7423855, 26.7886536 ], [ 88.7423952, 26.7891614 ], [ 88.7423961, 26.7892099 ], [ 88.7424016, 26.7900345 ], [ 88.7424103, 26.7913229 ], [ 88.7424104, 26.7914352 ], [ 88.7424108, 26.791795 ], [ 88.7424111, 26.7919748 ], [ 88.7424114, 26.7921547 ], [ 88.7424144, 26.7925348 ], [ 88.7424158, 26.7927146 ], [ 88.7424172, 26.7928945 ], [ 88.742423, 26.7936007 ], [ 88.7424232, 26.7936139 ], [ 88.7424355, 26.7943333 ], [ 88.7413676, 26.7943438 ], [ 88.7411661, 26.7943458 ], [ 88.7399572, 26.7943576 ], [ 88.7395928, 26.7943674 ], [ 88.7395235, 26.7943823 ], [ 88.7394572, 26.7944111 ], [ 88.7393883, 26.7944617 ], [ 88.7388379, 26.7951294 ], [ 88.7383706, 26.7956963 ], [ 88.7383592, 26.7957081 ], [ 88.7382862, 26.7957833 ], [ 88.7382155, 26.7958332 ], [ 88.7381576, 26.7958742 ], [ 88.7380074, 26.7959609 ], [ 88.737131, 26.7963022 ], [ 88.7369479, 26.7963735 ], [ 88.7367964, 26.7964269 ], [ 88.7363893, 26.7965838 ], [ 88.7360193, 26.7967264 ], [ 88.7358381, 26.7967962 ], [ 88.7352318, 26.797023 ], [ 88.7349057, 26.7971464 ], [ 88.7346004, 26.7972619 ], [ 88.7338204, 26.7975836 ], [ 88.7329415, 26.7979213 ], [ 88.7324778, 26.7980995 ], [ 88.7320104, 26.7982676 ], [ 88.7318269, 26.7983393 ], [ 88.7307193, 26.798772 ], [ 88.7305592, 26.7988345 ], [ 88.7294271, 26.7992768 ], [ 88.7288971, 26.799477 ], [ 88.7288406, 26.7994984 ], [ 88.7284563, 26.7996436 ], [ 88.7279113, 26.799846 ], [ 88.727782, 26.799894 ], [ 88.7277253, 26.7999151 ], [ 88.727596, 26.7999631 ], [ 88.7270379, 26.8001705 ], [ 88.7266314, 26.8003215 ], [ 88.7266018, 26.8003246 ], [ 88.7265805, 26.8003243 ], [ 88.7265402, 26.8003139 ], [ 88.7264725, 26.8002942 ], [ 88.7264141, 26.8002772 ], [ 88.7260434, 26.8001695 ], [ 88.7254324, 26.7999958 ], [ 88.7252227, 26.799937 ], [ 88.7251623, 26.7999281 ], [ 88.7250117, 26.7999183 ], [ 88.7248396, 26.7999276 ], [ 88.7247511, 26.7999533 ], [ 88.7246783, 26.7999659 ], [ 88.7245303, 26.7999813 ], [ 88.7242918, 26.8000027 ], [ 88.7240656, 26.8000154 ], [ 88.724056, 26.8000159 ], [ 88.7239561, 26.8000284 ], [ 88.7238833, 26.8000501 ], [ 88.7238456, 26.8000743 ], [ 88.7237326, 26.8001555 ], [ 88.7236814, 26.8002091 ], [ 88.7236262, 26.800282 ], [ 88.7236076, 26.8003218 ], [ 88.7235552, 26.8004338 ], [ 88.7235535, 26.8004371 ], [ 88.7234701, 26.8006009 ], [ 88.7234635, 26.8006136 ], [ 88.7234008, 26.8006996 ], [ 88.7233558, 26.8007472 ], [ 88.7232055, 26.8008813 ], [ 88.7229154, 26.8010723 ], [ 88.7225287, 26.8012513 ], [ 88.72237, 26.8013201 ], [ 88.7221616, 26.8013995 ], [ 88.7219763, 26.8014702 ], [ 88.7217045, 26.8015739 ], [ 88.72161, 26.8015884 ], [ 88.7215247, 26.8015993 ], [ 88.7214231, 26.8008984 ], [ 88.7213588, 26.8007146 ], [ 88.7212086, 26.8002855 ], [ 88.7212115, 26.8002526 ], [ 88.7212515, 26.7998067 ], [ 88.7212924, 26.7993562 ], [ 88.7212976, 26.7992993 ], [ 88.7213159, 26.7990981 ], [ 88.7212189, 26.7984636 ], [ 88.7212103, 26.7984071 ], [ 88.7211227, 26.797834 ], [ 88.7210727, 26.7977001 ], [ 88.7210292, 26.7975836 ], [ 88.7208009, 26.7969721 ], [ 88.7208009, 26.7965698 ], [ 88.7207241, 26.7963095 ], [ 88.7207086, 26.796257 ], [ 88.7206936, 26.7962059 ], [ 88.7204576, 26.7958612 ], [ 88.7203503, 26.7953823 ], [ 88.7205005, 26.7949801 ], [ 88.7206154, 26.7948138 ], [ 88.7211107, 26.7940972 ], [ 88.7211227, 26.7940799 ], [ 88.7210933, 26.7939226 ], [ 88.7210828, 26.793866 ], [ 88.720994, 26.7933903 ], [ 88.7208223, 26.7929306 ], [ 88.7208199, 26.7928756 ], [ 88.7208118, 26.7926959 ], [ 88.7208009, 26.7924518 ], [ 88.7206176, 26.7920057 ], [ 88.7205648, 26.7918772 ], [ 88.7202001, 26.7914366 ], [ 88.7201618, 26.791443 ], [ 88.7198567, 26.7914941 ], [ 88.7197641, 26.7914941 ], [ 88.7195626, 26.7914941 ], [ 88.7195349, 26.7914941 ], [ 88.7192988, 26.7913983 ], [ 88.719213, 26.7911685 ], [ 88.7191916, 26.7907279 ], [ 88.7191272, 26.7904406 ], [ 88.7188697, 26.790364 ], [ 88.7177622, 26.7900307 ], [ 88.7175713, 26.7899733 ], [ 88.71696, 26.7897893 ], [ 88.7168908, 26.7897765 ], [ 88.7173325, 26.7894195 ], [ 88.7175594, 26.789087 ], [ 88.7177822, 26.7887604 ], [ 88.7178015, 26.7884237 ], [ 88.7178265, 26.787987 ] ] } },
{ "type": "Feature", "properties": { "name": "Route", "distance_km": null, "time_min": null }, "geometry": { "type": "LineString", "coordinates": [ [ 88.7269646, 26.7483745 ], [ 88.7266266, 26.7485373 ], [ 88.7261599, 26.7488487 ], [ 88.7256289, 26.7492703 ], [ 88.7252641, 26.7495481 ], [ 88.7250605, 26.749693 ], [ 88.7248939, 26.7498116 ], [ 88.7245399, 26.7500511 ], [ 88.7242609, 26.750281 ], [ 88.7239605, 26.7505445 ], [ 88.723757, 26.7507674 ], [ 88.7240312, 26.750864 ], [ 88.7247074, 26.7512754 ], [ 88.7250911, 26.7515697 ], [ 88.7251155, 26.7515884 ], [ 88.7251645, 26.751626 ], [ 88.7259833, 26.7522976 ], [ 88.726007, 26.752317 ], [ 88.72628, 26.7525409 ], [ 88.726313, 26.7525679 ], [ 88.7267228, 26.752949 ], [ 88.72684, 26.7530581 ], [ 88.7271423, 26.7533392 ], [ 88.7275454, 26.7536999 ], [ 88.7275681, 26.7537202 ], [ 88.7283991, 26.7544639 ], [ 88.7285641, 26.7546115 ], [ 88.7295373, 26.7554824 ], [ 88.729916, 26.7558212 ], [ 88.7302602, 26.7561084 ], [ 88.7302837, 26.756128 ], [ 88.7306746, 26.7564511 ], [ 88.7307002, 26.75647 ], [ 88.7308618, 26.7565855 ], [ 88.7311443, 26.7567874 ], [ 88.731199, 26.756829 ], [ 88.7312977, 26.756904 ], [ 88.7315483, 26.7570943 ], [ 88.7317644, 26.7572467 ], [ 88.7319167, 26.7573586 ], [ 88.7320162, 26.7574439 ], [ 88.7322151, 26.7576083 ], [ 88.7324246, 26.7577914 ], [ 88.7328213, 26.7582005 ], [ 88.7329194, 26.7578304 ], [ 88.7330223, 26.7577103 ], [ 88.7338177, 26.7577165 ], [ 88.7344048, 26.7577212 ], [ 88.7346223, 26.757701 ], [ 88.7348226, 26.7576824 ], [ 88.7352233, 26.7576451 ], [ 88.735624, 26.7576079 ], [ 88.7360247, 26.7575707 ], [ 88.736826, 26.7574962 ], [ 88.7367551, 26.7576485 ], [ 88.7367197, 26.7577195 ], [ 88.7378597, 26.7577489 ], [ 88.7381575, 26.7577656 ], [ 88.7383318, 26.7577872 ], [ 88.7384611, 26.7576965 ], [ 88.738482, 26.7576818 ], [ 88.7385142, 26.7573657 ], [ 88.7385786, 26.7572411 ], [ 88.7389863, 26.757107 ], [ 88.7390209, 26.7570957 ], [ 88.73921, 26.7570336 ], [ 88.7393991, 26.7569716 ], [ 88.739512, 26.7569346 ], [ 88.7398982, 26.7566855 ], [ 88.7401557, 26.7565418 ], [ 88.7405527, 26.756513 ], [ 88.7411857, 26.756446 ], [ 88.7412625, 26.7564329 ], [ 88.7421942, 26.7562735 ], [ 88.7430632, 26.7561394 ], [ 88.7434403, 26.75607 ], [ 88.7434173, 26.755967 ], [ 88.7432885, 26.7557754 ], [ 88.7432241, 26.7556508 ], [ 88.7431705, 26.7555167 ], [ 88.743192, 26.7553061 ], [ 88.7432349, 26.7550856 ], [ 88.7432456, 26.7548748 ], [ 88.7432671, 26.7547311 ], [ 88.7437177, 26.7542904 ], [ 88.7440395, 26.7539455 ], [ 88.7443507, 26.7537348 ], [ 88.7444898, 26.7536239 ], [ 88.7444955, 26.7535336 ], [ 88.7444311, 26.7534186 ], [ 88.7440074, 26.7524463 ], [ 88.7439269, 26.7519959 ], [ 88.7439322, 26.7518331 ], [ 88.7440744, 26.7513559 ], [ 88.7440878, 26.7513109 ], [ 88.7441269, 26.751213 ], [ 88.7442273, 26.7509612 ], [ 88.7445223, 26.7504678 ], [ 88.7446035, 26.7503457 ], [ 88.745032, 26.7497014 ], [ 88.7454168, 26.7492584 ], [ 88.7454772, 26.7491888 ], [ 88.746711, 26.7478811 ], [ 88.7467744, 26.7478116 ], [ 88.7468026, 26.7477807 ], [ 88.7470808, 26.7474757 ], [ 88.7474624, 26.7470574 ], [ 88.7476069, 26.746899 ], [ 88.7477034, 26.7467697 ], [ 88.747623, 26.7466691 ], [ 88.7474674, 26.7465924 ], [ 88.7473065, 26.7465589 ], [ 88.7472367, 26.7465014 ], [ 88.7472045, 26.74642 ], [ 88.7472314, 26.7462954 ], [ 88.7473011, 26.7461565 ], [ 88.7473765, 26.7459692 ], [ 88.7474445, 26.7457998 ], [ 88.7474513, 26.7457828 ], [ 88.7474589, 26.7456947 ], [ 88.7474651, 26.7456214 ], [ 88.7475425, 26.7447193 ], [ 88.7476069, 26.7443792 ], [ 88.7476694, 26.7442778 ], [ 88.7474835, 26.744269 ], [ 88.7473816, 26.7442786 ], [ 88.747285, 26.7442834 ], [ 88.7471831, 26.7442733 ], [ 88.7471402, 26.744269 ], [ 88.7470672, 26.7442652 ], [ 88.7469578, 26.7442595 ], [ 88.7467325, 26.7442068 ], [ 88.7464589, 26.7441972 ], [ 88.7461638, 26.7440583 ], [ 88.7461162, 26.74403 ], [ 88.7460454, 26.7439878 ], [ 88.7459707, 26.7439433 ], [ 88.7459707, 26.7438475 ], [ 88.7460351, 26.7437469 ], [ 88.7461531, 26.7434834 ], [ 88.7462282, 26.7432582 ], [ 88.7467808, 26.7426881 ], [ 88.7469739, 26.7424486 ], [ 88.7471992, 26.7422474 ], [ 88.7473677, 26.7421251 ], [ 88.7474567, 26.7420606 ], [ 88.747519, 26.7420066 ], [ 88.7476024, 26.7419342 ], [ 88.7476444, 26.7418977 ], [ 88.7476645, 26.7418824 ], [ 88.7478644, 26.74173 ], [ 88.74791, 26.7416749 ], [ 88.7479502, 26.7416126 ], [ 88.7479019, 26.7415575 ], [ 88.7478429, 26.7415001 ], [ 88.7477544, 26.7413995 ], [ 88.7475425, 26.7412126 ], [ 88.7473494, 26.7411072 ], [ 88.7471938, 26.7409539 ], [ 88.7470315, 26.740809 ], [ 88.7468451, 26.7406425 ], [ 88.7467593, 26.740609 ], [ 88.7464911, 26.7406473 ], [ 88.7461966, 26.7406522 ], [ 88.7461645, 26.7398884 ], [ 88.7461182, 26.7399072 ], [ 88.746078, 26.7399311 ], [ 88.7460217, 26.7399407 ], [ 88.745952, 26.7399599 ], [ 88.7458929, 26.7399742 ], [ 88.7458393, 26.7399958 ], [ 88.745783, 26.7400221 ], [ 88.7457374, 26.7400724 ], [ 88.7457025, 26.7401299 ], [ 88.7456766, 26.740193 ] ] } },
{ "type": "Feature", "properties": { "name": "Route", "distance_km": null, "time_min": null }, "geometry": { "type": "LineString", "coordinates": [ [ 88.7269646, 26.7483745 ], [ 88.7266266, 26.7485373 ], [ 88.7261599, 26.7488487 ], [ 88.7256289, 26.7492703 ], [ 88.7252641, 26.7495481 ], [ 88.7250605, 26.749693 ], [ 88.7248939, 26.7498116 ], [ 88.7245399, 26.7500511 ], [ 88.7242609, 26.750281 ], [ 88.7239605, 26.7505445 ], [ 88.723757, 26.7507674 ], [ 88.7240312, 26.750864 ], [ 88.7247074, 26.7512754 ], [ 88.7250911, 26.7515697 ], [ 88.7251155, 26.7515884 ], [ 88.7251645, 26.751626 ], [ 88.7259833, 26.7522976 ], [ 88.726007, 26.752317 ], [ 88.72628, 26.7525409 ], [ 88.726313, 26.7525679 ], [ 88.7267228, 26.752949 ], [ 88.72684, 26.7530581 ], [ 88.7271423, 26.7533392 ], [ 88.7275454, 26.7536999 ], [ 88.7275681, 26.7537202 ], [ 88.7283991, 26.7544639 ], [ 88.7285641, 26.7546115 ], [ 88.7295373, 26.7554824 ], [ 88.729916, 26.7558212 ], [ 88.7302602, 26.7561084 ], [ 88.7302837, 26.756128 ], [ 88.7306746, 26.7564511 ], [ 88.7307002, 26.75647 ], [ 88.7308618, 26.7565855 ], [ 88.7311443, 26.7567874 ], [ 88.731199, 26.756829 ], [ 88.7312977, 26.756904 ], [ 88.7315483, 26.7570943 ], [ 88.7317644, 26.7572467 ], [ 88.731918, 26.7573596 ], [ 88.7319275, 26.7573679 ], [ 88.7320162, 26.7574439 ], [ 88.7322151, 26.7576083 ], [ 88.7324246, 26.7577914 ], [ 88.7328213, 26.7582005 ], [ 88.7329194, 26.7578304 ], [ 88.7330223, 26.7577103 ], [ 88.7338177, 26.7577165 ], [ 88.7344048, 26.7577212 ], [ 88.7346223, 26.757701 ], [ 88.7348226, 26.7576824 ], [ 88.7352233, 26.7576451 ], [ 88.735624, 26.7576079 ], [ 88.7360247, 26.7575707 ], [ 88.7368261, 26.7574962 ], [ 88.7369081, 26.7573043 ], [ 88.7369895, 26.757096 ], [ 88.7370663, 26.7569009 ], [ 88.7371588, 26.7566614 ], [ 88.7372342, 26.7564583 ], [ 88.7372885, 26.7563165 ], [ 88.7373626, 26.7561361 ], [ 88.7374319, 26.7559585 ], [ 88.7375419, 26.7556834 ], [ 88.7376302, 26.7554665 ], [ 88.7376932, 26.7553147 ], [ 88.7377486, 26.7551917 ], [ 88.7378069, 26.7550705 ], [ 88.7378738, 26.7549569 ], [ 88.7379488, 26.7548431 ], [ 88.7380482, 26.7547221 ], [ 88.7380788, 26.7546924 ], [ 88.7381967, 26.7545891 ], [ 88.7383437, 26.75446 ], [ 88.738436, 26.7543764 ], [ 88.7385741, 26.7542506 ], [ 88.7386741, 26.7541481 ], [ 88.7387802, 26.7540328 ], [ 88.7388584, 26.7538998 ], [ 88.7389533, 26.7537132 ], [ 88.7390249, 26.7535503 ], [ 88.7390851, 26.753392 ], [ 88.7391579, 26.7531881 ], [ 88.7391888, 26.7530433 ], [ 88.7391904, 26.753034 ], [ 88.7392197, 26.7528639 ], [ 88.7392457, 26.7526771 ], [ 88.7392761, 26.7524922 ], [ 88.739303, 26.7523459 ], [ 88.7393426, 26.7521228 ], [ 88.7393676, 26.7519734 ], [ 88.7393686, 26.7519666 ], [ 88.7393942, 26.7517883 ], [ 88.7393982, 26.7517606 ], [ 88.7394182, 26.7515541 ], [ 88.7394301, 26.7513287 ], [ 88.7394319, 26.75125 ], [ 88.7394411, 26.7508482 ], [ 88.7394399, 26.7506375 ], [ 88.7394336, 26.750384 ], [ 88.739425, 26.7501711 ], [ 88.7394215, 26.7500841 ], [ 88.7394114, 26.7498146 ], [ 88.7394026, 26.7496449 ], [ 88.7393906, 26.7494765 ], [ 88.7393988, 26.7493021 ], [ 88.7394035, 26.7492343 ], [ 88.739454, 26.7491076 ], [ 88.7395344, 26.7489694 ], [ 88.739604, 26.748866 ], [ 88.739693, 26.7487416 ], [ 88.7397805, 26.74863 ], [ 88.7399041, 26.7485077 ], [ 88.7400515, 26.748346 ], [ 88.7401858, 26.7482191 ], [ 88.7403696, 26.7480303 ], [ 88.7404582, 26.7479446 ], [ 88.7405501, 26.7478552 ], [ 88.74057, 26.7478359 ], [ 88.7407013, 26.7477265 ], [ 88.7408197, 26.7476384 ], [ 88.7409208, 26.7475724 ], [ 88.7410773, 26.7474777 ], [ 88.7411593, 26.7474147 ], [ 88.741172, 26.7474008 ], [ 88.7412143, 26.7473544 ], [ 88.7412662, 26.7472749 ], [ 88.7412985, 26.7471851 ], [ 88.7413463, 26.7469722 ], [ 88.7413639, 26.7467906 ], [ 88.7413797, 26.7466198 ], [ 88.7413898, 26.7464415 ], [ 88.7413903, 26.7463578 ], [ 88.7413908, 26.7462911 ], [ 88.741391, 26.7461779 ], [ 88.741391, 26.7461405 ], [ 88.7414249, 26.745849 ], [ 88.7414479, 26.7456599 ], [ 88.7414747, 26.7453733 ], [ 88.7415122, 26.7449238 ], [ 88.7415148, 26.7448922 ], [ 88.7415505, 26.7444664 ], [ 88.7415777, 26.7441931 ], [ 88.741599, 26.7438855 ], [ 88.7416257, 26.7435859 ], [ 88.7416473, 26.743316 ], [ 88.7416477, 26.7432794 ], [ 88.74167, 26.7430231 ], [ 88.7417146, 26.7427684 ], [ 88.7417605, 26.7425803 ], [ 88.7418087, 26.7423946 ], [ 88.7418754, 26.7421687 ], [ 88.7420068, 26.7416176 ], [ 88.7420777, 26.7412855 ], [ 88.7421107, 26.7411471 ], [ 88.7421356, 26.7410461 ], [ 88.7422249, 26.7408572 ], [ 88.7422969, 26.740756 ], [ 88.742408, 26.7406317 ], [ 88.7425243, 26.7405257 ], [ 88.7426205, 26.7404601 ], [ 88.7426878, 26.7404155 ], [ 88.7427994, 26.7403468 ], [ 88.7429041, 26.740297 ], [ 88.7429827, 26.7402521 ], [ 88.7430981, 26.7402401 ], [ 88.7432644, 26.7402353 ], [ 88.743487, 26.7402401 ], [ 88.7437204, 26.7402569 ], [ 88.743928, 26.7402766 ], [ 88.7439725, 26.7402808 ], [ 88.7441871, 26.7403 ], [ 88.7444526, 26.7403359 ], [ 88.7447074, 26.7403695 ], [ 88.7448647, 26.7403842 ], [ 88.7448924, 26.7403868 ], [ 88.7449268, 26.74039 ], [ 88.744989, 26.7403958 ], [ 88.7452278, 26.7404174 ], [ 88.7453377, 26.7404246 ], [ 88.745437, 26.7404293 ], [ 88.7454934, 26.7404193 ], [ 88.745504, 26.7404174 ], [ 88.7455603, 26.7404006 ], [ 88.7456167, 26.7403551 ], [ 88.7456435, 26.740288 ], [ 88.745673, 26.7402018 ], [ 88.7456766, 26.740193 ] ] } },
{ "type": "Feature", "properties": { "name": "Route", "distance_km": null, "time_min": null }, "geometry": { "type": "LineString", "coordinates": [ [ 88.7444556, 26.7125802 ], [ 88.7444714, 26.7126039 ], [ 88.744594, 26.7127303 ], [ 88.7447852, 26.7129273 ], [ 88.7450883, 26.7130902 ], [ 88.7454658, 26.71321 ], [ 88.7456167, 26.7132579 ], [ 88.7459278, 26.7133059 ], [ 88.7460161, 26.7133137 ], [ 88.7461451, 26.713325 ], [ 88.7464026, 26.7133274 ], [ 88.7467888, 26.7133274 ], [ 88.7469471, 26.7132819 ], [ 88.7470105, 26.7132623 ], [ 88.7472099, 26.7132004 ], [ 88.7474057, 26.7130854 ], [ 88.7476847, 26.7129632 ], [ 88.7478992, 26.7129345 ], [ 88.7479329, 26.7129359 ], [ 88.7479724, 26.7129375 ], [ 88.7480763, 26.7129417 ], [ 88.7481341, 26.7129425 ], [ 88.748256, 26.7129441 ], [ 88.7495059, 26.7130687 ], [ 88.7495352, 26.7130744 ], [ 88.7497317, 26.7131133 ], [ 88.7497365, 26.7131142 ], [ 88.7498707, 26.7131046 ], [ 88.7503375, 26.71298 ], [ 88.7508163, 26.7129149 ], [ 88.7509006, 26.7129034 ], [ 88.7515551, 26.7127979 ], [ 88.7516384, 26.7127804 ] ] } },
{ "type": "Feature", "properties": { "name": "Route", "distance_km": null, "time_min": null }, "geometry": { "type": "LineString", "coordinates": [ [ 88.7334972, 26.757714 ], [ 88.7338177, 26.7577165 ], [ 88.7344048, 26.7577212 ], [ 88.7346223, 26.757701 ], [ 88.7348226, 26.7576824 ], [ 88.7352233, 26.7576451 ], [ 88.735624, 26.7576079 ], [ 88.7360247, 26.7575707 ], [ 88.736826, 26.7574962 ], [ 88.7367551, 26.7576485 ], [ 88.7367197, 26.7577195 ], [ 88.7366649, 26.757863 ], [ 88.7365992, 26.7580468 ], [ 88.7365224, 26.7582334 ], [ 88.7365106, 26.7582699 ], [ 88.7364451, 26.7584729 ], [ 88.7363764, 26.7586735 ], [ 88.7363379, 26.7587869 ], [ 88.7359522, 26.7587344 ] ] } },
{ "type": "Feature", "properties": { "name": "Route", "distance_km": null, "time_min": null }, "geometry": { "type": "LineString", "coordinates": [ [ 88.7523397, 26.7582787 ], [ 88.7520306, 26.7582364 ], [ 88.7519681, 26.7582279 ], [ 88.751657, 26.7582326 ], [ 88.7508271, 26.7581561 ], [ 88.7506268, 26.7581376 ], [ 88.7504264, 26.7581191 ], [ 88.7498921, 26.7580698 ], [ 88.7495273, 26.7580315 ], [ 88.7494094, 26.758091 ], [ 88.7493637, 26.7583189 ], [ 88.7493851, 26.7583974 ], [ 88.7494844, 26.7588697 ], [ 88.7495935, 26.7592806 ], [ 88.74964, 26.7594556 ], [ 88.7496561, 26.7595163 ], [ 88.7496829, 26.7596457 ], [ 88.7497768, 26.7598708 ], [ 88.7498742, 26.7601425 ], [ 88.7500584, 26.7606564 ], [ 88.7501013, 26.7607761 ], [ 88.7501954, 26.7610841 ] ] } },
{ "type": "Feature", "properties": { "name": "Route", "distance_km": null, "time_min": null }, "geometry": { "type": "LineString", "coordinates": [ [ 88.7275121, 26.5247726 ], [ 88.7273971, 26.5245653 ], [ 88.7272912, 26.5244472 ], [ 88.7271745, 26.5243271 ], [ 88.7269103, 26.5241338 ], [ 88.726414, 26.5245722 ], [ 88.7264046, 26.5242193 ], [ 88.7264265, 26.5239934 ], [ 88.7264589, 26.5236819 ], [ 88.7264698, 26.5235773 ], [ 88.7264718, 26.5235025 ], [ 88.7264808, 26.5231743 ], [ 88.7264828, 26.5229929 ], [ 88.7264935, 26.522833 ], [ 88.7265583, 26.5226811 ], [ 88.7267427, 26.5222754 ], [ 88.7269556, 26.5218022 ], [ 88.7272644, 26.5212015 ], [ 88.7272528, 26.5211307 ], [ 88.7273039, 26.5210595 ], [ 88.7277467, 26.5200634 ], [ 88.727814, 26.519866 ], [ 88.7279087, 26.5196567 ], [ 88.7279968, 26.5194693 ], [ 88.7280591, 26.5193351 ], [ 88.727888, 26.5193216 ] ] } },
{ "type": "Feature", "properties": { "name": "Route", "distance_km": null, "time_min": null }, "geometry": { "type": "LineString", "coordinates": [ [ 88.7257588, 26.5229919 ], [ 88.725769, 26.5227493 ], [ 88.7257875, 26.5225855 ], [ 88.7256104, 26.5224894 ], [ 88.7255276, 26.5224414 ], [ 88.7254575, 26.5223935 ], [ 88.725406, 26.5223517 ], [ 88.7253652, 26.5223081 ], [ 88.7253356, 26.5222666 ], [ 88.7253167, 26.5222177 ], [ 88.7253002, 26.5221524 ], [ 88.7252867, 26.5220868 ], [ 88.7252729, 26.5219344 ], [ 88.7252555, 26.5217634 ], [ 88.7252218, 26.5212744 ], [ 88.7252207, 26.5212222 ], [ 88.7246436, 26.521203 ], [ 88.7246631, 26.5209933 ], [ 88.7246738, 26.5209249 ], [ 88.7247148, 26.5207451 ], [ 88.724768, 26.5205554 ], [ 88.7247949, 26.520427 ], [ 88.724401, 26.5203698 ], [ 88.7241747, 26.5203203 ], [ 88.7241658, 26.5203184 ], [ 88.7240913, 26.5202965 ], [ 88.7240657, 26.5202927 ], [ 88.7240455, 26.5202946 ], [ 88.7240274, 26.5203051 ], [ 88.7240072, 26.5203327 ], [ 88.7240036, 26.5203399 ], [ 88.7239912, 26.5203651 ], [ 88.7239842, 26.5203744 ], [ 88.7239753, 26.5203803 ] ] } },
{ "type": "Feature", "properties": { "name": "Route", "distance_km": null, "time_min": null }, "geometry": { "type": "LineString", "coordinates": [ [ 88.7190616, 26.5296536 ], [ 88.7192025, 26.5287753 ], [ 88.7192713, 26.5283065 ], [ 88.7193031, 26.5280924 ], [ 88.719395, 26.5276275 ], [ 88.7194128, 26.5275406 ], [ 88.7194707, 26.5272608 ], [ 88.7195733, 26.5267838 ], [ 88.7195992, 26.5265952 ], [ 88.7196869, 26.5260632 ], [ 88.7198219, 26.5252191 ], [ 88.7198364, 26.5250761 ], [ 88.7198565, 26.524706 ], [ 88.7198578, 26.5246499 ], [ 88.719859, 26.5245834 ], [ 88.7198887, 26.5245294 ], [ 88.7199062, 26.5244506 ], [ 88.7199175, 26.5242937 ], [ 88.7201279, 26.5243005 ], [ 88.7202015, 26.5242691 ], [ 88.7204665, 26.524298 ], [ 88.7211341, 26.524371 ], [ 88.7217851, 26.5244488 ], [ 88.7219317, 26.5244689 ], [ 88.7229469, 26.5245975 ], [ 88.7238821, 26.5247457 ], [ 88.7239615, 26.5247578 ], [ 88.7244041, 26.5248142 ], [ 88.7244323, 26.524818 ], [ 88.7245334, 26.5248317 ], [ 88.7245705, 26.5248211 ], [ 88.7246582, 26.5248259 ], [ 88.7247708, 26.5248219 ], [ 88.7248867, 26.5248061 ], [ 88.7250264, 26.5247747 ], [ 88.7251444, 26.5247428 ], [ 88.7252449, 26.5247199 ], [ 88.7253564, 26.5247023 ], [ 88.7254661, 26.5247079 ], [ 88.7255107, 26.5247113 ], [ 88.7258421, 26.524724 ], [ 88.7261321, 26.5247536 ], [ 88.7261623, 26.5247578 ], [ 88.7262012, 26.5247641 ], [ 88.7262304, 26.5247626 ], [ 88.7262463, 26.5247565 ], [ 88.7262746, 26.5247428 ], [ 88.7263223, 26.5247089 ], [ 88.726372, 26.5246379 ], [ 88.726414, 26.5245722 ], [ 88.7264046, 26.5242193 ], [ 88.7264265, 26.5239934 ], [ 88.7264589, 26.5236819 ], [ 88.7264698, 26.5235773 ], [ 88.7264718, 26.5235025 ], [ 88.7264808, 26.5231743 ], [ 88.7264828, 26.5229929 ], [ 88.7264935, 26.522833 ], [ 88.7265583, 26.5226811 ], [ 88.7267427, 26.5222754 ], [ 88.7269556, 26.5218022 ], [ 88.7270613, 26.5215966 ] ] } },
{ "type": "Feature", "properties": { "name": "Route", "distance_km": null, "time_min": null }, "geometry": { "type": "LineString", "coordinates": [ [ 89.0062978, 26.5894944 ], [ 89.0062021, 26.5895782 ], [ 89.0060697, 26.5896938 ], [ 89.005959, 26.589776 ], [ 89.0058808, 26.5898212 ], [ 89.0058244, 26.5898941 ], [ 89.0055203, 26.5902871 ], [ 89.0053647, 26.5904961 ], [ 89.0050437, 26.5902759 ], [ 89.0045872, 26.59044 ], [ 89.0042127, 26.5893299 ], [ 89.0041546, 26.5891577 ], [ 89.0040035, 26.5887097 ] ] } },
{ "type": "Feature", "properties": { "name": "Route", "distance_km": null, "time_min": null }, "geometry": { "type": "LineString", "coordinates": [ [ 89.0030276, 26.5831146 ], [ 89.0029958, 26.5831134 ], [ 89.0029474, 26.5831492 ], [ 89.0028105, 26.5832444 ], [ 89.0025471, 26.5834145 ], [ 89.002342, 26.5835726 ], [ 89.0022618, 26.5834632 ], [ 89.0022057, 26.5833927 ], [ 89.002172, 26.5833553 ], [ 89.0021018, 26.5832697 ], [ 89.0019801, 26.5831469 ], [ 89.0017122, 26.5834152 ], [ 89.001675, 26.5834524 ], [ 89.001601, 26.5835228 ], [ 89.0014451, 26.5836471 ], [ 89.001406, 26.5836881 ], [ 89.0013634, 26.5837427 ], [ 89.0013181, 26.5838269 ], [ 89.001308, 26.5838501 ], [ 89.0012983, 26.5838663 ], [ 89.0012851, 26.5838801 ], [ 89.0012687, 26.5838909 ], [ 89.0012467, 26.5839016 ], [ 89.0012159, 26.5839055 ], [ 89.0011831, 26.5839008 ], [ 89.0011404, 26.5838931 ], [ 89.0010545, 26.5838794 ], [ 89.0009628, 26.583858 ], [ 89.0008891, 26.5838511 ], [ 89.0007943, 26.5838356 ], [ 89.0006823, 26.5838096 ], [ 89.0005707, 26.5837902 ], [ 89.0004744, 26.5837873 ], [ 89.0003426, 26.5837902 ], [ 89.0002399, 26.5838117 ], [ 88.9993972, 26.5839753 ], [ 88.9993081, 26.5839905 ], [ 88.9990712, 26.5840662 ], [ 88.9988294, 26.5841804 ], [ 88.99869, 26.5842088 ], [ 88.9982175, 26.5843468 ], [ 88.9980594, 26.584379 ], [ 88.9980505, 26.58442 ], [ 88.9982449, 26.5851533 ], [ 88.9982648, 26.5853388 ], [ 88.9979851, 26.5852833 ], [ 88.9976074, 26.5853657 ], [ 88.9972781, 26.5853896 ], [ 88.9970855, 26.5854035 ], [ 88.9969482, 26.5853795 ], [ 88.9966165, 26.5852465 ], [ 88.9965403, 26.5854179 ], [ 88.9965101, 26.5855454 ], [ 88.9964873, 26.5856185 ], [ 88.9964813, 26.5857058 ], [ 88.9964749, 26.585763 ], [ 88.996435, 26.5858026 ], [ 88.9963723, 26.585814 ], [ 88.9963529, 26.5858557 ], [ 88.9963432, 26.5858902 ], [ 88.9962567, 26.5858968 ], [ 88.9961846, 26.5858944 ], [ 88.9961856, 26.5858524 ], [ 88.9961745, 26.5857999 ], [ 88.9960994, 26.5857876 ], [ 88.995978, 26.5857732 ], [ 88.9958697, 26.5857648 ], [ 88.9957856, 26.5857678 ], [ 88.995692, 26.5857858 ], [ 88.9955586, 26.5858284 ], [ 88.9954651, 26.585868 ], [ 88.995393, 26.5858944 ], [ 88.9955045, 26.5862093 ] ] } },
{ "type": "Feature", "properties": { "name": "Route", "distance_km": null, "time_min": null }, "geometry": { "type": "LineString", "coordinates": [ [ 89.0043743, 26.5848442 ], [ 89.0042864, 26.5846885 ], [ 89.004246, 26.5846285 ], [ 89.0041969, 26.5845762 ], [ 89.0041864, 26.5845047 ], [ 89.0041632, 26.5844632 ], [ 89.0041541, 26.5844203 ], [ 89.0041425, 26.5843603 ], [ 89.00415, 26.5843232 ], [ 89.0041021, 26.5842202 ], [ 89.003999, 26.5839816 ], [ 89.0038692, 26.58367 ], [ 89.0037997, 26.5835352 ], [ 89.0037489, 26.5834746 ], [ 89.0036992, 26.5834344 ], [ 89.0036657, 26.5834138 ], [ 89.0036392, 26.5834118 ], [ 89.003608, 26.5834183 ], [ 89.0035803, 26.5834306 ], [ 89.0035492, 26.5834471 ], [ 89.0034546, 26.583493 ], [ 89.0034338, 26.5835032 ], [ 89.0034228, 26.5835087 ], [ 89.003369, 26.5835348 ], [ 89.0033286, 26.5835369 ], [ 89.003271, 26.5835266 ], [ 89.0032374, 26.5835056 ], [ 89.0032352, 26.5835042 ], [ 89.0032132, 26.5834672 ], [ 89.0031877, 26.5833992 ], [ 89.0031581, 26.583341 ], [ 89.0031542, 26.5833335 ], [ 89.0031194, 26.5832696 ], [ 89.0030835, 26.583176 ], [ 89.003065, 26.5831412 ], [ 89.0030276, 26.5831146 ], [ 89.0029958, 26.5831134 ], [ 89.0029474, 26.5831492 ], [ 89.0028105, 26.5832444 ], [ 89.0025471, 26.5834145 ], [ 89.002342, 26.5835726 ], [ 89.0022618, 26.5834632 ], [ 89.0022057, 26.5833927 ], [ 89.002172, 26.5833553 ], [ 89.0021018, 26.5832697 ], [ 89.0019801, 26.5831469 ], [ 89.0019076, 26.5830748 ], [ 89.0018024, 26.5829949 ], [ 89.0016583, 26.5829034 ], [ 89.0014805, 26.582801 ], [ 89.00134, 26.5827331 ], [ 89.0008742, 26.5825495 ], [ 88.9998938, 26.5821789 ], [ 88.9996779, 26.5821016 ], [ 88.9992889, 26.581958 ], [ 88.9987292, 26.5817589 ], [ 88.9987564, 26.5816481 ], [ 88.9987589, 26.5815862 ], [ 88.9987405, 26.5815056 ], [ 88.9987291, 26.5814431 ], [ 88.9987244, 26.5814025 ], [ 88.9987227, 26.5813886 ], [ 88.998691, 26.5812756 ], [ 88.9986504, 26.5811807 ], [ 88.9986019, 26.5810996 ], [ 88.9985765, 26.581072 ], [ 88.99855, 26.5810433 ], [ 88.9984995, 26.5809881 ], [ 88.9984757, 26.5809341 ], [ 88.998471, 26.5809022 ], [ 88.9984626, 26.5808806 ], [ 88.9984579, 26.580856 ], [ 88.9984516, 26.5808168 ], [ 88.9984497, 26.5807433 ], [ 88.9984491, 26.5807202 ], [ 88.9984328, 26.5806035 ], [ 88.9984272, 26.5805651 ], [ 88.9984275, 26.5805416 ], [ 88.9984281, 26.5805195 ], [ 88.9984299, 26.5805014 ], [ 88.9984359, 26.5804695 ], [ 88.9984525, 26.5804461 ], [ 88.9984721, 26.580427 ], [ 88.9985173, 26.5804004 ], [ 88.9986088, 26.5803627 ], [ 88.998651, 26.5803494 ], [ 88.9987148, 26.5803243 ], [ 88.9987584, 26.5803072 ], [ 88.9987921, 26.5802848 ], [ 88.99882, 26.5802604 ], [ 88.9988403, 26.5802313 ], [ 88.9988973, 26.5801216 ], [ 88.9989589, 26.5800041 ], [ 88.9990461, 26.5798382 ], [ 88.9990992, 26.5797453 ] ] } },
{ "type": "Feature", "properties": { "name": "Route", "distance_km": null, "time_min": null }, "geometry": { "type": "LineString", "coordinates": [ [ 88.7511849, 26.8708388 ], [ 88.7511891, 26.8708057 ], [ 88.7511927, 26.8707606 ], [ 88.7511714, 26.8707473 ], [ 88.7511332, 26.8707345 ], [ 88.7510969, 26.8707292 ], [ 88.7510351, 26.8707151 ], [ 88.7510037, 26.870703 ], [ 88.7509759, 26.8707172 ], [ 88.7509498, 26.8707223 ], [ 88.7509103, 26.8707275 ], [ 88.7508948, 26.8707296 ], [ 88.7507912, 26.8707471 ], [ 88.7506206, 26.8707365 ], [ 88.7500969, 26.8706476 ], [ 88.7499527, 26.8706744 ], [ 88.7497531, 26.8706491 ], [ 88.7495534, 26.8706237 ], [ 88.7492364, 26.8705834 ], [ 88.7492981, 26.8704367 ], [ 88.749118, 26.8704902 ], [ 88.7489873, 26.8705128 ], [ 88.7489283, 26.8705208 ], [ 88.7487957, 26.8705388 ], [ 88.7486689, 26.87051 ], [ 88.7485161, 26.8704754 ], [ 88.7479805, 26.8703841 ], [ 88.7471765, 26.8702448 ], [ 88.7469712, 26.8702028 ], [ 88.7460562, 26.8700298 ] ] } },
{ "type": "Feature", "properties": { "name": "Route", "distance_km": null, "time_min": null }, "geometry": { "type": "LineString", "coordinates": [ [ 88.752674, 26.8664398 ], [ 88.7525307, 26.8664545 ], [ 88.752508, 26.8665543 ], [ 88.7523888, 26.8667746 ], [ 88.7522546, 26.8671848 ], [ 88.7519684, 26.8679059 ], [ 88.751865, 26.8682099 ], [ 88.7518486, 26.8682581 ], [ 88.7517443, 26.8685392 ], [ 88.7516747, 26.8686567 ], [ 88.7516207, 26.8687223 ], [ 88.7515886, 26.8687434 ], [ 88.7515548, 26.868763 ], [ 88.7515218, 26.8687841 ], [ 88.7514745, 26.8688059 ], [ 88.7514407, 26.8688278 ], [ 88.7514162, 26.8688542 ], [ 88.7514103, 26.8688775 ], [ 88.7513993, 26.8689438 ], [ 88.7513236, 26.8689406 ], [ 88.7512525, 26.8689417 ], [ 88.7512069, 26.8689435 ], [ 88.7511419, 26.8689453 ], [ 88.7510574, 26.868965 ], [ 88.7510311, 26.8689829 ], [ 88.7510266, 26.868986 ], [ 88.7510004, 26.8690129 ], [ 88.7509689, 26.8690362 ], [ 88.7508723, 26.8691134 ], [ 88.7507781, 26.8692226 ], [ 88.7507461, 26.8692597 ], [ 88.7506643, 26.8693554 ], [ 88.7505892, 26.8694068 ], [ 88.7505316, 26.8694236 ], [ 88.750454, 26.8694297 ], [ 88.7504281, 26.8694243 ], [ 88.7503797, 26.8694186 ], [ 88.7503584, 26.8694176 ], [ 88.7503281, 26.8694176 ], [ 88.7503181, 26.8694181 ], [ 88.7503129, 26.8694187 ], [ 88.7503089, 26.86942 ], [ 88.7503056, 26.8694227 ], [ 88.7503015, 26.8694271 ], [ 88.7502846, 26.8694633 ], [ 88.7502678, 26.8695141 ], [ 88.7502483, 26.8695751 ], [ 88.7502235, 26.8696445 ], [ 88.7502227, 26.8696932 ], [ 88.7501034, 26.8696796 ], [ 88.7498584, 26.8696675 ], [ 88.749662, 26.8696526 ], [ 88.7496288, 26.8697535 ], [ 88.7494891, 26.8700247 ], [ 88.7494224, 26.8701542 ], [ 88.7493958, 26.8702159 ], [ 88.7492981, 26.8704367 ], [ 88.7492364, 26.8705834 ], [ 88.7491094, 26.8708853 ], [ 88.7486402, 26.8720732 ], [ 88.7485012, 26.8724228 ], [ 88.7483293, 26.8728262 ], [ 88.7481277, 26.8732924 ], [ 88.7480294, 26.8735763 ], [ 88.7479947, 26.8736718 ], [ 88.7479039, 26.8741048 ], [ 88.7478969, 26.8741378 ], [ 88.7477711, 26.8749899 ], [ 88.7477486, 26.8751682 ], [ 88.7477013, 26.8755191 ], [ 88.7476745, 26.8756898 ], [ 88.7476346, 26.8759078 ], [ 88.7475672, 26.8762864 ], [ 88.7475536, 26.8764149 ], [ 88.7475152, 26.8767029 ], [ 88.7474292, 26.877237 ], [ 88.7474255, 26.8772605 ], [ 88.7472879, 26.8782499 ], [ 88.7472256, 26.8785938 ], [ 88.7471767, 26.8788646 ], [ 88.7470832, 26.8794559 ], [ 88.7470473, 26.879683 ], [ 88.747006, 26.8799376 ], [ 88.747006, 26.8799797 ], [ 88.7470076, 26.8800215 ], [ 88.7470315, 26.8802037 ], [ 88.7470944, 26.8804307 ], [ 88.7471209, 26.8804886 ], [ 88.7471982, 26.8806687 ], [ 88.7474731, 26.881001 ], [ 88.7476971, 26.8813629 ], [ 88.7478572, 26.8815909 ], [ 88.7480571, 26.8818195 ], [ 88.7481863, 26.8818733 ], [ 88.7483758, 26.8819307 ], [ 88.748764, 26.8820242 ], [ 88.7493464, 26.882099 ], [ 88.7497077, 26.8820867 ], [ 88.7503276, 26.8820223 ], [ 88.7504821, 26.8820041 ], [ 88.7506798, 26.8819857 ], [ 88.7510028, 26.8819692 ], [ 88.7522083, 26.881906 ], [ 88.7528192, 26.8818608 ], [ 88.7528604, 26.8818564 ] ] } },
{ "type": "Feature", "properties": { "name": "Route", "distance_km": null, "time_min": null }, "geometry": { "type": "LineString", "coordinates": [ [ 88.7525768, 26.8626461 ], [ 88.7525683, 26.8626762 ], [ 88.7525014, 26.8630839 ], [ 88.7524212, 26.8635062 ], [ 88.752395, 26.8636442 ], [ 88.7523931, 26.8636975 ], [ 88.752389, 26.8638112 ], [ 88.7523886, 26.8638227 ], [ 88.7524002, 26.8639668 ], [ 88.7524099, 26.8640867 ], [ 88.7524303, 26.86425 ], [ 88.7524546, 26.8644437 ], [ 88.7524617, 26.864585 ], [ 88.7524759, 26.8648653 ], [ 88.7525035, 26.8654939 ], [ 88.7525057, 26.8661985 ], [ 88.7525357, 26.8664327 ], [ 88.7525307, 26.8664545 ], [ 88.752508, 26.8665543 ], [ 88.7523888, 26.8667746 ], [ 88.7522546, 26.8671848 ], [ 88.7519684, 26.8679059 ], [ 88.751865, 26.8682099 ], [ 88.7518486, 26.8682581 ], [ 88.7517443, 26.8685392 ], [ 88.7516747, 26.8686567 ], [ 88.7516207, 26.8687223 ], [ 88.7515886, 26.8687434 ], [ 88.7515548, 26.868763 ], [ 88.7515218, 26.8687841 ], [ 88.7514745, 26.8688059 ], [ 88.7514407, 26.8688278 ], [ 88.7514162, 26.8688542 ], [ 88.7514103, 26.8688775 ], [ 88.7513993, 26.8689438 ], [ 88.7513236, 26.8689406 ], [ 88.7512525, 26.8689417 ], [ 88.7512069, 26.8689435 ], [ 88.7511419, 26.8689453 ], [ 88.7510574, 26.868965 ], [ 88.7510311, 26.8689829 ], [ 88.7510266, 26.868986 ], [ 88.7510004, 26.8690129 ], [ 88.7509689, 26.8690362 ], [ 88.7508723, 26.8691134 ], [ 88.7507781, 26.8692226 ], [ 88.7507461, 26.8692597 ], [ 88.7506643, 26.8693554 ], [ 88.7505892, 26.8694068 ], [ 88.7505316, 26.8694236 ], [ 88.750454, 26.8694297 ], [ 88.7504281, 26.8694243 ], [ 88.7503797, 26.8694186 ], [ 88.7503584, 26.8694176 ], [ 88.7503281, 26.8694176 ], [ 88.7503181, 26.8694181 ], [ 88.7503129, 26.8694187 ], [ 88.7503089, 26.86942 ], [ 88.7503056, 26.8694227 ], [ 88.7503015, 26.8694271 ], [ 88.7502846, 26.8694633 ], [ 88.7502678, 26.8695141 ], [ 88.7502483, 26.8695751 ], [ 88.7502235, 26.8696445 ], [ 88.7502227, 26.8696932 ], [ 88.7501034, 26.8696796 ], [ 88.7498584, 26.8696675 ], [ 88.749662, 26.8696526 ], [ 88.7496288, 26.8697535 ], [ 88.7494891, 26.8700247 ], [ 88.7494224, 26.8701542 ], [ 88.7493958, 26.8702159 ], [ 88.7492981, 26.8704367 ], [ 88.749118, 26.8704902 ], [ 88.7489873, 26.8705128 ], [ 88.7489283, 26.8705208 ], [ 88.7487957, 26.8705388 ], [ 88.7486689, 26.87051 ], [ 88.7485161, 26.8704754 ], [ 88.7479805, 26.8703841 ], [ 88.7471765, 26.8702448 ], [ 88.7469712, 26.8702028 ], [ 88.745831, 26.8699873 ] ] } },
{ "type": "Feature", "properties": { "name": "Route", "distance_km": null, "time_min": null }, "geometry": { "type": "LineString", "coordinates": [ [ 88.9173544, 26.776682 ], [ 88.9173626, 26.7767582 ], [ 88.9173854, 26.776924 ], [ 88.9174043, 26.7770618 ], [ 88.9174305, 26.7772171 ], [ 88.9174666, 26.777385 ], [ 88.917517, 26.7775842 ], [ 88.917545, 26.7777013 ], [ 88.9174781, 26.7777909 ], [ 88.9175052, 26.7780601 ], [ 88.9175113, 26.7781212 ], [ 88.917517, 26.7782214 ], [ 88.917518, 26.7782396 ], [ 88.9175271, 26.7784009 ], [ 88.917541, 26.7785987 ], [ 88.9175536, 26.7787782 ], [ 88.9175662, 26.7789577 ], [ 88.9175775, 26.779119 ], [ 88.9175788, 26.7791373 ], [ 88.9176103, 26.7795869 ], [ 88.9176242, 26.7799402 ], [ 88.9176454, 26.7804794 ], [ 88.9176595, 26.7808389 ], [ 88.9176736, 26.7811985 ], [ 88.9177606, 26.7823822 ], [ 88.9177888, 26.7831012 ], [ 88.9178067, 26.783557 ], [ 88.9178044, 26.7838347 ], [ 88.9177927, 26.7839999 ], [ 88.9177872, 26.784078 ], [ 88.9177468, 26.7843413 ], [ 88.917744, 26.7843568 ], [ 88.9176927, 26.7846411 ], [ 88.9176254, 26.7848839 ], [ 88.917531, 26.7851465 ], [ 88.917451, 26.7854071 ], [ 88.9174001, 26.7855761 ], [ 88.9173538, 26.7857297 ], [ 88.9173485, 26.7857499 ], [ 88.9173033, 26.7859223 ], [ 88.9173028, 26.7859251 ], [ 88.917271, 26.7861154 ], [ 88.9172162, 26.7864093 ], [ 88.9171534, 26.7869484 ], [ 88.9171129, 26.7872157 ], [ 88.9171037, 26.7874617 ], [ 88.9170945, 26.787712 ], [ 88.9170931, 26.7877493 ], [ 88.9170812, 26.7878914 ], [ 88.9170725, 26.7879954 ], [ 88.9170382, 26.7882033 ], [ 88.9169877, 26.7884239 ], [ 88.9169226, 26.7887082 ], [ 88.916879, 26.788894 ], [ 88.9168187, 26.7892049 ], [ 88.916776, 26.7893987 ], [ 88.9167603, 26.7894837 ], [ 88.9167411, 26.7895876 ], [ 88.9167347, 26.789662 ], [ 88.9167241, 26.7897858 ], [ 88.9167314, 26.7898207 ], [ 88.9167446, 26.7898579 ], [ 88.9167722, 26.7899233 ], [ 88.9169763, 26.7904086 ], [ 88.9171473, 26.7907573 ], [ 88.9172878, 26.7911112 ], [ 88.9174086, 26.7914016 ], [ 88.9174106, 26.7914065 ], [ 88.9174989, 26.7916189 ], [ 88.9176633, 26.7920848 ], [ 88.9177997, 26.7924535 ], [ 88.9179511, 26.7929548 ], [ 88.9175195, 26.7930526 ], [ 88.917363, 26.7930785 ], [ 88.916456, 26.7932286 ], [ 88.9161765, 26.7932849 ], [ 88.9159209, 26.7933364 ], [ 88.9155535, 26.7934369 ], [ 88.9154853, 26.7934625 ], [ 88.9154424, 26.7934924 ], [ 88.9154169, 26.79352 ], [ 88.9153888, 26.7935655 ], [ 88.915383, 26.7935921 ], [ 88.9153807, 26.7936026 ], [ 88.915379, 26.7936449 ], [ 88.9153924, 26.7938867 ], [ 88.9154005, 26.7942327 ], [ 88.9154055, 26.7943108 ], [ 88.9154246, 26.7946086 ], [ 88.9154528, 26.7947917 ], [ 88.9154577, 26.7948481 ], [ 88.9154809, 26.795115 ], [ 88.9155601, 26.7956561 ], [ 88.9156084, 26.7960116 ], [ 88.9156141, 26.7960989 ], [ 88.9156392, 26.796488 ], [ 88.9156338, 26.7966939 ], [ 88.9156124, 26.7967586 ], [ 88.9155078, 26.7969333 ], [ 88.9154675, 26.797004 ], [ 88.9154582, 26.7970303 ], [ 88.9154514, 26.7970722 ], [ 88.9154434, 26.79715 ], [ 88.915463, 26.7973196 ], [ 88.9154689, 26.7973703 ], [ 88.9155091, 26.7976037 ], [ 88.9156468, 26.7980182 ], [ 88.9157041, 26.7981906 ], [ 88.9157183, 26.7982334 ], [ 88.9158042, 26.7985326 ], [ 88.9158846, 26.7989301 ], [ 88.9159021, 26.7990474 ], [ 88.9159027, 26.799071 ], [ 88.9159034, 26.7991 ], [ 88.9159047, 26.799185 ], [ 88.9158593, 26.7993777 ], [ 88.9158311, 26.7994818 ], [ 88.915807, 26.7996183 ], [ 88.9158011, 26.7997186 ], [ 88.9156211, 26.7997073 ], [ 88.9153139, 26.7997296 ], [ 88.9151235, 26.79972 ], [ 88.9150256, 26.7997021 ], [ 88.9149996, 26.7996965 ], [ 88.9148036, 26.7996546 ], [ 88.9147346, 26.7996398 ], [ 88.9144123, 26.7995688 ], [ 88.9144087, 26.799568 ], [ 88.9142491, 26.7995405 ], [ 88.9141847, 26.7995393 ], [ 88.9140318, 26.7995668 ], [ 88.9138282, 26.799636 ], [ 88.9138065, 26.7996434 ], [ 88.9136382, 26.7996961 ], [ 88.913313, 26.7997978 ], [ 88.9131062, 26.7998582 ], [ 88.9128248, 26.7999403 ], [ 88.9127263, 26.7999775 ], [ 88.9122616, 26.8001533 ], [ 88.9121706, 26.8001898 ], [ 88.9120333, 26.8002448 ], [ 88.9119397, 26.8003066 ], [ 88.9118539, 26.8003868 ], [ 88.9118468, 26.8003953 ], [ 88.9117882, 26.8004658 ], [ 88.9117439, 26.8005304 ], [ 88.9116862, 26.8006346 ], [ 88.9115736, 26.8009374 ], [ 88.911532, 26.8010056 ], [ 88.9114985, 26.8010416 ], [ 88.9114033, 26.8011038 ], [ 88.9112085, 26.8012002 ], [ 88.9110211, 26.8012929 ], [ 88.9109875, 26.8013181 ], [ 88.9109379, 26.8013624 ], [ 88.910917, 26.8013957 ], [ 88.9109009, 26.8014376 ], [ 88.9108923, 26.8014916 ], [ 88.910891, 26.8015635 ], [ 88.9109071, 26.8016532 ], [ 88.9109105, 26.8016676 ], [ 88.9109945, 26.8020194 ], [ 88.9110385, 26.8022039 ], [ 88.9110372, 26.8022949 ], [ 88.9110224, 26.8023463 ], [ 88.9110143, 26.8023723 ], [ 88.9109956, 26.8024325 ], [ 88.9108548, 26.8027629 ], [ 88.9106858, 26.8031447 ], [ 88.9105853, 26.803381 ], [ 88.9105544, 26.8034536 ], [ 88.9105383, 26.8034859 ], [ 88.9105155, 26.8035134 ], [ 88.9104471, 26.8035864 ], [ 88.9103277, 26.8036918 ], [ 88.9102024, 26.8037877 ], [ 88.9100494, 26.8039047 ], [ 88.9099053, 26.804015 ], [ 88.9097531, 26.8041483 ], [ 88.9096093, 26.8042743 ], [ 88.9094654, 26.8044004 ], [ 88.909169, 26.8046925 ], [ 88.9090586, 26.8047994 ], [ 88.908922, 26.8049316 ], [ 88.9087853, 26.8050638 ], [ 88.9087546, 26.8050935 ], [ 88.9086674, 26.8052096 ], [ 88.9086205, 26.8052982 ], [ 88.9085789, 26.8053951 ], [ 88.9085399, 26.8055488 ], [ 88.9085367, 26.8055615 ], [ 88.9084973, 26.8057247 ], [ 88.9084844, 26.8057781 ], [ 88.9083825, 26.806057 ], [ 88.9083774, 26.8060678 ], [ 88.9082229, 26.8063958 ], [ 88.9081022, 26.8067297 ], [ 88.9080988, 26.8067421 ], [ 88.9080516, 26.8069169 ], [ 88.9080365, 26.8069727 ], [ 88.9080044, 26.8070918 ], [ 88.9079453, 26.8073114 ], [ 88.9078298, 26.8076077 ], [ 88.9078165, 26.8076418 ], [ 88.907775, 26.8077808 ], [ 88.9077508, 26.807862 ], [ 88.9076945, 26.8080572 ], [ 88.907673, 26.8081804 ], [ 88.9076382, 26.8084115 ], [ 88.9075617, 26.8089824 ], [ 88.9075549, 26.8090225 ], [ 88.9075201, 26.809229 ], [ 88.9074881, 26.8093772 ], [ 88.907445, 26.8095761 ], [ 88.9074103, 26.8097301 ], [ 88.9072841, 26.8102895 ], [ 88.9071803, 26.8107896 ], [ 88.9071795, 26.8107934 ], [ 88.9071299, 26.8109514 ], [ 88.9071261, 26.8109628 ], [ 88.9070883, 26.8110771 ], [ 88.907063, 26.8111334 ], [ 88.9070615, 26.8111369 ], [ 88.9068657, 26.8114744 ], [ 88.9067195, 26.8117545 ], [ 88.9066208, 26.8119413 ], [ 88.9065975, 26.8119855 ], [ 88.906554, 26.8121107 ], [ 88.9065371, 26.8121591 ], [ 88.906399, 26.8126199 ], [ 88.9062608, 26.8131394 ], [ 88.9062572, 26.8131566 ], [ 88.9062207, 26.8133335 ], [ 88.9061898, 26.8134829 ], [ 88.9060919, 26.8138084 ], [ 88.906075, 26.8138567 ], [ 88.9059913, 26.8140957 ], [ 88.9059283, 26.8143518 ], [ 88.9059235, 26.8143785 ], [ 88.9058236, 26.8149419 ], [ 88.9057891, 26.8151939 ], [ 88.9057744, 26.8152993 ], [ 88.9057579, 26.815356 ], [ 88.9057308, 26.8154428 ], [ 88.905638, 26.815402 ], [ 88.9055495, 26.8153505 ], [ 88.9050871, 26.8150331 ], [ 88.9048946, 26.8149036 ], [ 88.9041979, 26.8144346 ], [ 88.9040917, 26.8143602 ], [ 88.9034187, 26.8138889 ], [ 88.9027804, 26.8134699 ], [ 88.902417, 26.8132433 ], [ 88.9023874, 26.8132921 ], [ 88.9023566, 26.8133256 ], [ 88.9023231, 26.813352 ], [ 88.9021688, 26.8134513 ], [ 88.9018148, 26.8136332 ], [ 88.901556, 26.8137733 ], [ 88.9015063, 26.8138164 ], [ 88.9015008, 26.8138239 ], [ 88.9014674, 26.813869 ], [ 88.9014004, 26.8139719 ], [ 88.9012656, 26.8141798 ], [ 88.9006769, 26.8150735 ], [ 88.9005585, 26.8152521 ], [ 88.9000935, 26.815953 ], [ 88.8999952, 26.8161053 ], [ 88.8997592, 26.816456 ], [ 88.8997359, 26.8164896 ], [ 88.899554, 26.8167517 ], [ 88.8993219, 26.8171069 ], [ 88.8992818, 26.8171682 ], [ 88.8990551, 26.8175392 ], [ 88.8989827, 26.8176685 ], [ 88.8989545, 26.8177343 ], [ 88.8989411, 26.8177738 ], [ 88.8989331, 26.8178217 ], [ 88.8989384, 26.8178899 ], [ 88.8989626, 26.8179473 ], [ 88.8989706, 26.8179577 ], [ 88.8989948, 26.8179892 ], [ 88.8990699, 26.8180622 ], [ 88.8996465, 26.8185434 ], [ 88.9000158, 26.8188407 ], [ 88.9003587, 26.8191167 ], [ 88.9006551, 26.8193836 ], [ 88.9008432, 26.8195715 ], [ 88.9008898, 26.8196181 ], [ 88.901206, 26.8199868 ], [ 88.9012747, 26.8200669 ], [ 88.9013565, 26.8201795 ], [ 88.9014088, 26.8202728 ], [ 88.9014289, 26.8203171 ], [ 88.9014431, 26.820378 ], [ 88.9015236, 26.8208124 ], [ 88.9015612, 26.820968 ], [ 88.9016591, 26.8212983 ], [ 88.9017999, 26.8216729 ], [ 88.9018482, 26.8217806 ], [ 88.901871, 26.8218441 ], [ 88.901904, 26.8220234 ], [ 88.9019139, 26.8220774 ], [ 88.9019407, 26.8221421 ], [ 88.9019689, 26.8221876 ], [ 88.9020225, 26.822251 ], [ 88.9021997, 26.8223961 ], [ 88.9026743, 26.8226815 ], [ 88.9030461, 26.8229321 ], [ 88.9030824, 26.8229657 ], [ 88.9031313, 26.8230171 ], [ 88.9031755, 26.8230794 ], [ 88.9032278, 26.8231931 ], [ 88.9034605, 26.8239153 ], [ 88.9034871, 26.8239978 ], [ 88.9035407, 26.8241785 ], [ 88.9036161, 26.8245441 ], [ 88.9037522, 26.8252037 ], [ 88.9039013, 26.8260244 ], [ 88.9039266, 26.8261635 ], [ 88.9041425, 26.8270168 ], [ 88.9042388, 26.8274312 ], [ 88.9043101, 26.8277384 ], [ 88.9043289, 26.8279323 ], [ 88.9043222, 26.8280524 ], [ 88.9043155, 26.8281741 ], [ 88.904286, 26.8283739 ], [ 88.9042712, 26.8285534 ], [ 88.9042739, 26.8287186 ], [ 88.9042913, 26.828861 ], [ 88.9043045, 26.8289062 ], [ 88.9043342, 26.8290082 ], [ 88.9044424, 26.8292393 ], [ 88.9044563, 26.8292691 ], [ 88.9045663, 26.8294618 ], [ 88.9046548, 26.8295958 ], [ 88.9046697, 26.8296208 ], [ 88.9047942, 26.8298304 ], [ 88.9048734, 26.8300182 ], [ 88.9049391, 26.8302157 ], [ 88.90499, 26.8304199 ], [ 88.9050035, 26.8304742 ], [ 88.9051215, 26.8309098 ], [ 88.905122, 26.8309154 ], [ 88.9051299, 26.8309984 ], [ 88.9051443, 26.8311492 ], [ 88.9051429, 26.8312091 ], [ 88.9051416, 26.8312688 ], [ 88.9051523, 26.8313047 ], [ 88.9051617, 26.8313227 ], [ 88.9051765, 26.8313406 ], [ 88.9052071, 26.831366 ], [ 88.9052154, 26.8313729 ], [ 88.9052878, 26.831416 ], [ 88.9053669, 26.8314747 ], [ 88.9054104, 26.8315164 ], [ 88.905438, 26.8315429 ], [ 88.905453, 26.8315609 ], [ 88.9054769, 26.8315895 ], [ 88.9055064, 26.8316314 ], [ 88.9055359, 26.8317092 ], [ 88.9056597, 26.8321903 ], [ 88.905737, 26.8324907 ], [ 88.9060026, 26.8334385 ], [ 88.906139, 26.8339373 ], [ 88.9062697, 26.8344154 ], [ 88.9063561, 26.8347298 ], [ 88.9064486, 26.834987 ], [ 88.9064504, 26.8349906 ], [ 88.9065827, 26.8352575 ], [ 88.9067195, 26.8354633 ], [ 88.9067902, 26.8355491 ], [ 88.9069207, 26.8357074 ], [ 88.9072399, 26.8360676 ], [ 88.9076253, 26.8365135 ], [ 88.9077042, 26.836592 ], [ 88.9081684, 26.8371092 ], [ 88.9086727, 26.8376788 ], [ 88.9088014, 26.8378368 ], [ 88.9088604, 26.837917 ], [ 88.9089516, 26.8380725 ], [ 88.9089869, 26.8381381 ], [ 88.9091984, 26.8385309 ], [ 88.9093788, 26.8388819 ], [ 88.9095225, 26.8391369 ], [ 88.909776, 26.8395867 ], [ 88.9098114, 26.8396564 ], [ 88.9101479, 26.8403018 ], [ 88.9102889, 26.8405638 ], [ 88.9105986, 26.8411395 ], [ 88.9106569, 26.8412493 ], [ 88.9110306, 26.8419613 ], [ 88.9110858, 26.8420664 ], [ 88.9114178, 26.8427011 ], [ 88.911574, 26.8429998 ], [ 88.9117148, 26.843269 ], [ 88.9119451, 26.8436972 ], [ 88.9121332, 26.8440468 ], [ 88.9123529, 26.8444644 ], [ 88.9125601, 26.8448584 ], [ 88.912616, 26.8449646 ], [ 88.9127645, 26.8452339 ], [ 88.9130055, 26.8456708 ], [ 88.9130331, 26.8457208 ], [ 88.9132095, 26.8460506 ], [ 88.9134516, 26.8465035 ], [ 88.9135642, 26.846714 ], [ 88.9136709, 26.8469139 ], [ 88.9140349, 26.8475958 ], [ 88.9144721, 26.848419 ], [ 88.9147284, 26.8490022 ], [ 88.9147443, 26.8490487 ], [ 88.9147525, 26.8490728 ], [ 88.9147632, 26.8491375 ], [ 88.9147726, 26.8491997 ], [ 88.914774, 26.8493636 ], [ 88.9147406, 26.849633 ], [ 88.914696, 26.8499934 ], [ 88.9146498, 26.8503669 ], [ 88.9146248, 26.8505776 ], [ 88.9145865, 26.8508895 ], [ 88.9145741, 26.8509909 ], [ 88.9145219, 26.8514717 ], [ 88.914516, 26.8515258 ], [ 88.914459, 26.8519608 ], [ 88.9144538, 26.852002 ], [ 88.9144149, 26.8522995 ], [ 88.9143929, 26.852437 ] ] } },
{ "type": "Feature", "properties": { "name": "Route", "distance_km": null, "time_min": null }, "geometry": { "type": "LineString", "coordinates": [ [ 88.9557493, 26.8098303 ], [ 88.9558181, 26.8094295 ], [ 88.9558791, 26.8090739 ], [ 88.9559705, 26.8085406 ], [ 88.9560925, 26.8078294 ], [ 88.9560993, 26.8077895 ], [ 88.9563059, 26.8065848 ], [ 88.9563417, 26.806376 ], [ 88.9563469, 26.8062276 ], [ 88.9563483, 26.8061872 ], [ 88.9563846, 26.805149 ], [ 88.9564154, 26.8042701 ], [ 88.9564385, 26.8036119 ], [ 88.956459, 26.8030256 ], [ 88.9564705, 26.8026988 ], [ 88.9565414, 26.8024959 ], [ 88.9566014, 26.8023242 ], [ 88.9566614, 26.8021525 ], [ 88.9569613, 26.8012939 ], [ 88.9561975, 26.7998046 ], [ 88.9560645, 26.7998378 ], [ 88.9557723, 26.799911 ], [ 88.9552768, 26.7998363 ], [ 88.9550781, 26.7998064 ], [ 88.9540638, 26.7996537 ], [ 88.9536966, 26.7995599 ], [ 88.9531454, 26.7994191 ], [ 88.9529135, 26.7994019 ], [ 88.9527127, 26.7993871 ], [ 88.9520348, 26.799337 ], [ 88.9517476, 26.7994772 ], [ 88.9511444, 26.7997716 ], [ 88.9514685, 26.8000406 ] ] } },
{ "type": "Feature", "properties": { "name": "Route", "distance_km": null, "time_min": null }, "geometry": { "type": "LineString", "coordinates": [ [ 88.9784736, 26.8283031 ], [ 88.9781061, 26.8284609 ], [ 88.9778827, 26.8286138 ], [ 88.977341, 26.8289978 ], [ 88.9769154, 26.8291214 ], [ 88.9763042, 26.8293103 ], [ 88.9759094, 26.8294511 ], [ 88.9757549, 26.829451 ], [ 88.9754116, 26.8296364 ], [ 88.9748011, 26.8297712 ], [ 88.9746186, 26.8298115 ], [ 88.9746072, 26.8298181 ], [ 88.9739316, 26.8302107 ], [ 88.9739012, 26.8301929 ], [ 88.9735186, 26.8301025 ], [ 88.9726026, 26.8299463 ], [ 88.9725637, 26.8299397 ], [ 88.9721346, 26.830045 ], [ 88.9715981, 26.8301982 ], [ 88.9715771, 26.8302031 ], [ 88.971442, 26.8302349 ], [ 88.9711905, 26.830294 ], [ 88.9707398, 26.830294 ], [ 88.9704444, 26.8302657 ], [ 88.9704394, 26.8302652 ], [ 88.9702034, 26.8301599 ], [ 88.9699213, 26.8299099 ], [ 88.9698222, 26.829822 ], [ 88.9696791, 26.8296953 ], [ 88.9695361, 26.8295686 ], [ 88.9686263, 26.8287621 ], [ 88.9685346, 26.8286818 ], [ 88.9680469, 26.8282547 ], [ 88.9677976, 26.8280693 ], [ 88.9677865, 26.828061 ], [ 88.9677501, 26.828034 ], [ 88.967725, 26.8280154 ], [ 88.9673173, 26.827843 ], [ 88.967129, 26.8276949 ], [ 88.9669242, 26.8275338 ], [ 88.9667879, 26.8274266 ], [ 88.9666843, 26.8273452 ], [ 88.9660192, 26.826742 ], [ 88.9652038, 26.8261675 ], [ 88.9649722, 26.8260068 ], [ 88.9649565, 26.8259959 ], [ 88.964721, 26.8258325 ], [ 88.964324, 26.8253059 ], [ 88.964088, 26.8250384 ], [ 88.963927, 26.8248559 ], [ 88.9637405, 26.8245767 ], [ 88.963622, 26.8243183 ], [ 88.9633879, 26.8240514 ], [ 88.9632619, 26.8240047 ], [ 88.9629185, 26.8238601 ], [ 88.9625966, 26.8236796 ], [ 88.962543, 26.8236495 ], [ 88.962278, 26.823413 ], [ 88.9622533, 26.823391 ], [ 88.9619346, 26.8232239 ], [ 88.9618211, 26.8231912 ], [ 88.9614037, 26.8230422 ], [ 88.9613976, 26.8230393 ], [ 88.9612341, 26.8229601 ], [ 88.9609306, 26.8227118 ], [ 88.9608479, 26.8226442 ], [ 88.9607691, 26.8226066 ], [ 88.9607635, 26.822603 ], [ 88.9604224, 26.8223912 ], [ 88.96029, 26.8222038 ], [ 88.9602301, 26.8220885 ], [ 88.9599466, 26.8215431 ], [ 88.9595068, 26.8211889 ], [ 88.9592615, 26.8208903 ], [ 88.959253, 26.8208799 ], [ 88.9590347, 26.8206144 ], [ 88.9586913, 26.8201491 ], [ 88.9586834, 26.8201384 ], [ 88.9584553, 26.8198293 ], [ 88.9581871, 26.8193409 ], [ 88.9581074, 26.8191918 ], [ 88.9580369, 26.8191782 ], [ 88.95797, 26.8191856 ], [ 88.9573395, 26.8192548 ], [ 88.9559555, 26.8194175 ], [ 88.9559218, 26.8194221 ], [ 88.9559091, 26.8185061 ], [ 88.9559296, 26.8175906 ], [ 88.9559315, 26.8173537 ], [ 88.955955, 26.8148528 ], [ 88.9559593, 26.8138752 ], [ 88.9559487, 26.81361 ], [ 88.9559311, 26.8134586 ], [ 88.9558983, 26.8133101 ], [ 88.9557822, 26.8129598 ], [ 88.9556976, 26.8124584 ], [ 88.9556976, 26.8124387 ], [ 88.9556979, 26.8110856 ], [ 88.955698, 26.8102803 ], [ 88.955698, 26.8101296 ], [ 88.9557266, 26.8099629 ], [ 88.9558181, 26.8094295 ], [ 88.9558791, 26.8090739 ], [ 88.9559705, 26.8085406 ], [ 88.9560925, 26.8078294 ], [ 88.9560993, 26.8077895 ], [ 88.9563059, 26.8065848 ], [ 88.9563417, 26.806376 ], [ 88.9563469, 26.8062276 ], [ 88.9563483, 26.8061872 ], [ 88.9563846, 26.805149 ], [ 88.9564154, 26.8042701 ], [ 88.9564385, 26.8036119 ], [ 88.956459, 26.8030256 ], [ 88.9564705, 26.8026988 ], [ 88.9565414, 26.8024959 ], [ 88.9566014, 26.8023242 ], [ 88.9566614, 26.8021525 ], [ 88.9569613, 26.8012939 ], [ 88.9561975, 26.7998046 ], [ 88.9560645, 26.7998378 ], [ 88.9557723, 26.799911 ], [ 88.9552768, 26.7998363 ], [ 88.9550781, 26.7998064 ], [ 88.9540638, 26.7996537 ], [ 88.9536966, 26.7995599 ], [ 88.9531454, 26.7994191 ], [ 88.9529135, 26.7994019 ], [ 88.9527127, 26.7993871 ], [ 88.9520348, 26.799337 ], [ 88.9517476, 26.7994772 ], [ 88.9511444, 26.7997716 ], [ 88.9507542, 26.799962 ], [ 88.9501129, 26.800229 ], [ 88.9499303, 26.800305 ], [ 88.9496654, 26.8004154 ], [ 88.9494318, 26.8006003 ], [ 88.9490895, 26.8008714 ], [ 88.9486839, 26.8010033 ], [ 88.9485665, 26.8010159 ], [ 88.9485662, 26.8009553 ], [ 88.9485179, 26.8004098 ], [ 88.9484516, 26.7996602 ], [ 88.948349, 26.7991615 ], [ 88.9481872, 26.7983748 ], [ 88.9480639, 26.798118 ], [ 88.9479267, 26.7978322 ], [ 88.9477313, 26.7973658 ], [ 88.9474782, 26.7963473 ], [ 88.9474583, 26.7962222 ], [ 88.9474343, 26.7960711 ], [ 88.9473772, 26.7954807 ], [ 88.9473494, 26.7953702 ], [ 88.9471729, 26.7946682 ], [ 88.9470157, 26.7940431 ], [ 88.9469561, 26.79379 ], [ 88.9469146, 26.7936139 ], [ 88.9468732, 26.793438 ], [ 88.9467735, 26.7930147 ], [ 88.9467507, 26.7927386 ], [ 88.9467903, 26.7926496 ], [ 88.9469004, 26.7924039 ], [ 88.947072, 26.7921549 ], [ 88.9471332, 26.7920389 ], [ 88.9474976, 26.7913476 ], [ 88.9475012, 26.7913408 ], [ 88.9475443, 26.791219 ], [ 88.9475656, 26.7911589 ], [ 88.9475226, 26.7907471 ], [ 88.9475053, 26.790686 ], [ 88.947098, 26.7892478 ], [ 88.9470928, 26.7892294 ], [ 88.9468866, 26.7885013 ], [ 88.9468038, 26.7882091 ], [ 88.946788, 26.7881526 ], [ 88.9467528, 26.788027 ], [ 88.946718, 26.7879026 ], [ 88.9467394, 26.7872896 ], [ 88.9467362, 26.7872614 ], [ 88.9466321, 26.7863415 ], [ 88.9466404, 26.7862376 ], [ 88.9466858, 26.785671 ], [ 88.9466364, 26.7853427 ], [ 88.9465005, 26.7844392 ], [ 88.9464912, 26.784377 ], [ 88.9464738, 26.7842609 ], [ 88.9464712, 26.784244 ], [ 88.9463724, 26.783729 ], [ 88.9463425, 26.7835735 ], [ 88.9463377, 26.7835518 ], [ 88.9461422, 26.7826696 ], [ 88.9459858, 26.7819638 ], [ 88.9460637, 26.7819625 ], [ 88.9464681, 26.7819556 ], [ 88.946475, 26.7819553 ], [ 88.9464953, 26.7819544 ], [ 88.9465979, 26.7819511 ], [ 88.9465496, 26.782022 ], [ 88.9465122, 26.7821073 ], [ 88.9465022, 26.7822031 ], [ 88.9465245, 26.7823019 ], [ 88.9465662, 26.7824766 ] ] } },
{ "type": "Feature", "properties": { "name": "Route", "distance_km": null, "time_min": null }, "geometry": { "type": "LineString", "coordinates": [ [ 88.8899637, 26.711371 ], [ 88.8899375, 26.7113805 ], [ 88.889907, 26.7113916 ], [ 88.8898725, 26.7114063 ], [ 88.8896507, 26.7115013 ], [ 88.8894634, 26.7115961 ], [ 88.8894616, 26.711597 ], [ 88.8894244, 26.7116158 ], [ 88.8892162, 26.7117283 ], [ 88.8891707, 26.7117575 ], [ 88.8890752, 26.7118189 ], [ 88.8890111, 26.71186 ], [ 88.8889621, 26.7119066 ], [ 88.8889268, 26.711942 ], [ 88.8889054, 26.7119782 ], [ 88.888867, 26.712065 ], [ 88.8888275, 26.7121909 ], [ 88.8887666, 26.712354 ], [ 88.88871, 26.7125295 ], [ 88.8886737, 26.7126487 ], [ 88.8886755, 26.7126978 ], [ 88.888678, 26.7127651 ], [ 88.8886795, 26.7128141 ], [ 88.8886815, 26.7128776 ], [ 88.8886823, 26.7129015 ], [ 88.8886852, 26.7129298 ], [ 88.8886854, 26.7129317 ], [ 88.888694, 26.7130169 ], [ 88.8887271, 26.7131142 ], [ 88.8887923, 26.7132429 ], [ 88.8888873, 26.7133993 ], [ 88.8889738, 26.7135291 ], [ 88.8890613, 26.7136931 ], [ 88.8891265, 26.71382 ], [ 88.8891585, 26.7139707 ], [ 88.8891716, 26.714004 ], [ 88.8891855, 26.7140392 ], [ 88.8892057, 26.7140903 ], [ 88.88926, 26.7141353 ], [ 88.8893193, 26.7141936 ], [ 88.8893703, 26.714243 ], [ 88.889429, 26.7143188 ], [ 88.8894835, 26.7144032 ], [ 88.8895711, 26.7145434 ], [ 88.8896522, 26.714675 ], [ 88.8897243, 26.7147952 ], [ 88.8897558, 26.7148371 ], [ 88.8897745, 26.714862 ], [ 88.8898172, 26.7149163 ], [ 88.8898706, 26.7149569 ], [ 88.8899175, 26.7149902 ], [ 88.8899779, 26.7150117 ], [ 88.8900494, 26.7150188 ], [ 88.8901055, 26.7150193 ], [ 88.8903243, 26.7150217 ], [ 88.8906623, 26.7150265 ], [ 88.8906812, 26.7150272 ], [ 88.8910456, 26.7150398 ], [ 88.8913312, 26.7150517 ], [ 88.8913588, 26.7150527 ], [ 88.8916473, 26.7150632 ], [ 88.8919624, 26.7150736 ], [ 88.8920215, 26.7150756 ], [ 88.8923093, 26.7150885 ], [ 88.8925399, 26.7150928 ], [ 88.8926402, 26.7150955 ] ] } },
{ "type": "Feature", "properties": { "name": "Route", "distance_km": null, "time_min": null }, "geometry": { "type": "LineString", "coordinates": [ [ 88.8899637, 26.711371 ], [ 88.8899375, 26.7113805 ], [ 88.889907, 26.7113916 ], [ 88.8898725, 26.7114063 ], [ 88.8896507, 26.7115013 ], [ 88.8894634, 26.7115961 ], [ 88.8894616, 26.711597 ], [ 88.8894244, 26.7116158 ], [ 88.8892162, 26.7117283 ], [ 88.8891707, 26.7117575 ], [ 88.8890752, 26.7118189 ], [ 88.8890111, 26.71186 ], [ 88.8889621, 26.7119066 ], [ 88.8889268, 26.711942 ], [ 88.8889054, 26.7119782 ], [ 88.888867, 26.712065 ], [ 88.8888275, 26.7121909 ], [ 88.8887666, 26.712354 ], [ 88.88871, 26.7125295 ], [ 88.8886737, 26.7126487 ], [ 88.8886755, 26.7126978 ], [ 88.888678, 26.7127651 ], [ 88.8886795, 26.7128141 ], [ 88.8886815, 26.7128776 ], [ 88.8886823, 26.7129015 ], [ 88.8886852, 26.7129298 ], [ 88.8886854, 26.7129317 ], [ 88.888694, 26.7130169 ], [ 88.8887271, 26.7131142 ], [ 88.8887923, 26.7132429 ], [ 88.8888873, 26.7133993 ], [ 88.8889738, 26.7135291 ], [ 88.8890613, 26.7136931 ], [ 88.8891265, 26.71382 ], [ 88.8891585, 26.7139707 ], [ 88.8891716, 26.714004 ], [ 88.8891855, 26.7140392 ], [ 88.8892057, 26.7140903 ], [ 88.88926, 26.7141353 ], [ 88.8893193, 26.7141936 ], [ 88.8893703, 26.714243 ], [ 88.889429, 26.7143188 ], [ 88.8894835, 26.7144032 ], [ 88.8895711, 26.7145434 ], [ 88.8896522, 26.714675 ], [ 88.8897243, 26.7147952 ], [ 88.8897558, 26.7148371 ], [ 88.8897745, 26.714862 ], [ 88.8898172, 26.7149163 ], [ 88.8898706, 26.7149569 ], [ 88.8899175, 26.7149902 ], [ 88.8899779, 26.7150117 ], [ 88.8900494, 26.7150188 ], [ 88.8901055, 26.7150193 ], [ 88.8903243, 26.7150217 ], [ 88.8906623, 26.7150265 ], [ 88.8906812, 26.7150272 ], [ 88.8910456, 26.7150398 ], [ 88.8913312, 26.7150517 ], [ 88.8913588, 26.7150527 ], [ 88.8916473, 26.7150632 ], [ 88.8919624, 26.7150736 ], [ 88.8920215, 26.7150756 ], [ 88.8923093, 26.7150885 ], [ 88.8925399, 26.7150928 ], [ 88.8925927, 26.7150942 ] ] } },
{ "type": "Feature", "properties": { "name": "Route", "distance_km": null, "time_min": null }, "geometry": { "type": "LineString", "coordinates": [ [ 88.9198844, 26.7542777 ], [ 88.9198596, 26.7540114 ], [ 88.9198575, 26.7540117 ], [ 88.9194692, 26.7540599 ], [ 88.9190603, 26.7541128 ], [ 88.9187447, 26.754171 ], [ 88.9187186, 26.7541801 ], [ 88.9186977, 26.7541874 ], [ 88.9185379, 26.7542431 ], [ 88.9184817, 26.7542488 ], [ 88.9183912, 26.7542621 ], [ 88.9183273, 26.7542631 ], [ 88.9182656, 26.7542536 ], [ 88.9182251, 26.7542307 ], [ 88.9181791, 26.7541894 ], [ 88.9181293, 26.7541094 ], [ 88.9180406, 26.753948 ], [ 88.9179705, 26.7538152 ], [ 88.9179046, 26.7537081 ], [ 88.9178412, 26.7535844 ], [ 88.9177719, 26.753469 ], [ 88.9176646, 26.75326 ], [ 88.9176371, 26.7532032 ], [ 88.9175869, 26.7530993 ], [ 88.9175024, 26.7529213 ], [ 88.9174374, 26.7527666 ], [ 88.917352, 26.7525735 ], [ 88.9173237, 26.7525172 ], [ 88.9172388, 26.7523479 ], [ 88.9171535, 26.7522016 ], [ 88.9170428, 26.7520152 ], [ 88.9169313, 26.7518651 ], [ 88.9168451, 26.7517353 ], [ 88.916764, 26.7515995 ], [ 88.9166728, 26.7514796 ], [ 88.9166145, 26.7513777 ], [ 88.9165663, 26.751245 ], [ 88.9165385, 26.7511673 ], [ 88.9165148, 26.7510828 ], [ 88.9165032, 26.7510197 ], [ 88.9164954, 26.7509771 ], [ 88.9164933, 26.7509658 ], [ 88.9164802, 26.7508934 ], [ 88.9164692, 26.7508066 ], [ 88.9164413, 26.7507123 ], [ 88.9164244, 26.7505984 ], [ 88.9164033, 26.7504868 ], [ 88.9163796, 26.7503676 ], [ 88.9163399, 26.750188 ], [ 88.9162951, 26.7500251 ], [ 88.9162613, 26.7499074 ], [ 88.9162149, 26.7497927 ], [ 88.9161827, 26.749743 ], [ 88.9161532, 26.7496976 ], [ 88.916078, 26.7495641 ], [ 88.9160282, 26.7494336 ], [ 88.9160199, 26.7494151 ], [ 88.915958, 26.7492774 ], [ 88.915882, 26.7491167 ], [ 88.9158085, 26.7489621 ], [ 88.9157232, 26.7488195 ], [ 88.9156556, 26.7486859 ], [ 88.9156297, 26.7486472 ], [ 88.9155728, 26.7485622 ], [ 88.9154756, 26.7484226 ], [ 88.9153988, 26.7482989 ], [ 88.9153193, 26.7481526 ], [ 88.9152467, 26.7480122 ], [ 88.9152036, 26.7478794 ], [ 88.9151749, 26.7477693 ], [ 88.9151608, 26.7476643 ], [ 88.9151546, 26.7476187 ], [ 88.9151312, 26.7474761 ], [ 88.9151237, 26.7473173 ], [ 88.9151365, 26.747228 ], [ 88.9151695, 26.7471443 ], [ 88.9151755, 26.7471338 ], [ 88.9152036, 26.7470845 ], [ 88.9152578, 26.7470179 ], [ 88.9153174, 26.7469485 ], [ 88.915376, 26.7468497 ], [ 88.9154005, 26.746748 ], [ 88.9154005, 26.7466596 ], [ 88.9153799, 26.746581 ], [ 88.9161261, 26.746374 ], [ 88.9165347, 26.7462724 ], [ 88.9167982, 26.7462129 ], [ 88.9172615, 26.7460985 ], [ 88.9174869, 26.7460356 ], [ 88.917618, 26.746027 ], [ 88.9178199, 26.7459706 ], [ 88.918125, 26.7459017 ], [ 88.9182294, 26.7458808 ], [ 88.9181958, 26.7457755 ], [ 88.9181766, 26.7456506 ], [ 88.918178, 26.7456069 ], [ 88.9179343, 26.7455916 ], [ 88.9177877, 26.7455796 ], [ 88.9175778, 26.7455544 ], [ 88.9172415, 26.7455304 ], [ 88.9169658, 26.7454962 ], [ 88.9168823, 26.7454859 ], [ 88.9166832, 26.7454679 ], [ 88.9164612, 26.7454655 ], [ 88.9163133, 26.7454367 ], [ 88.9162406, 26.745403 ], [ 88.9161639, 26.7453598 ], [ 88.9161047, 26.7453153 ], [ 88.915942, 26.7452144 ], [ 88.9156379, 26.7449802 ], [ 88.9153205, 26.7447315 ], [ 88.9148362, 26.7443615 ], [ 88.9145268, 26.7441428 ], [ 88.9144016, 26.7440383 ], [ 88.9143311, 26.7439889 ], [ 88.9143209, 26.7439818 ], [ 88.9142765, 26.7439302 ], [ 88.9142173, 26.7438581 ], [ 88.9141622, 26.7437716 ], [ 88.9140613, 26.7436226 ], [ 88.9140073, 26.7435352 ], [ 88.9140034, 26.7435289 ], [ 88.9139402, 26.7434364 ], [ 88.9137948, 26.7432406 ] ] } },
{ "type": "Feature", "properties": { "name": "Route", "distance_km": null, "time_min": null }, "geometry": { "type": "LineString", "coordinates": [ [ 88.9264829, 26.8497569 ], [ 88.9265078, 26.849793 ], [ 88.9265333, 26.8498193 ], [ 88.9265615, 26.8498361 ], [ 88.9266339, 26.8498576 ], [ 88.9267224, 26.8498827 ], [ 88.9269357, 26.8499139 ], [ 88.9270805, 26.8499318 ], [ 88.9272401, 26.8499521 ], [ 88.9273139, 26.8499521 ], [ 88.9274037, 26.8499414 ], [ 88.9275206, 26.8499173 ], [ 88.9277219, 26.8500864 ], [ 88.9277957, 26.8501606 ], [ 88.9278453, 26.85023 ], [ 88.9279016, 26.8503066 ], [ 88.9279432, 26.8503556 ], [ 88.9280692, 26.8504394 ], [ 88.9282624, 26.8505818 ], [ 88.9284501, 26.8507134 ], [ 88.928485, 26.8507505 ], [ 88.9285333, 26.8508007 ], [ 88.9285561, 26.8508462 ], [ 88.9286084, 26.8509802 ], [ 88.9286185, 26.8510258 ], [ 88.9286325, 26.8510891 ], [ 88.9286915, 26.8512709 ], [ 88.9287371, 26.8514827 ], [ 88.9287492, 26.8515593 ], [ 88.9287492, 26.8516933 ], [ 88.9287505, 26.8518142 ], [ 88.928768, 26.8519063 ], [ 88.9287814, 26.8519649 ], [ 88.928839, 26.8521193 ], [ 88.9288712, 26.8522413 ], [ 88.9288766, 26.8522904 ], [ 88.9288779, 26.8523346 ], [ 88.9288739, 26.8523777 ], [ 88.9288833, 26.8524196 ], [ 88.9288967, 26.8524435 ], [ 88.9289262, 26.8524854 ], [ 88.9290912, 26.8526433 ], [ 88.9291502, 26.8527088 ], [ 88.9293004, 26.8528755 ], [ 88.9295082, 26.8530812 ], [ 88.9297282, 26.8533014 ], [ 88.9300923, 26.853672 ], [ 88.9301124, 26.8536967 ], [ 88.9302023, 26.8537974 ], [ 88.9301796, 26.8538223 ], [ 88.9298854, 26.8540933 ], [ 88.9298674, 26.8541113 ], [ 88.9298297, 26.854149 ], [ 88.9297627, 26.8542152 ], [ 88.9297599, 26.854265 ], [ 88.9297639, 26.8542957 ], [ 88.9297761, 26.8543196 ], [ 88.929814, 26.8543703 ], [ 88.9298876, 26.8544608 ], [ 88.9300214, 26.8547124 ], [ 88.9301219, 26.8549735 ], [ 88.9301317, 26.8549989 ], [ 88.9302387, 26.855336 ], [ 88.9302965, 26.85549 ], [ 88.930329, 26.8555767 ], [ 88.9304821, 26.8560036 ], [ 88.930523, 26.8561177 ], [ 88.9305443, 26.8561746 ], [ 88.9307214, 26.8566478 ], [ 88.9307604, 26.8567651 ], [ 88.9307827, 26.8568725 ], [ 88.930783, 26.8569237 ], [ 88.9307716, 26.8569829 ], [ 88.9307509, 26.8570439 ], [ 88.9306955, 26.8571892 ], [ 88.9306926, 26.8572027 ], [ 88.9306827, 26.8572591 ], [ 88.9306851, 26.857325 ], [ 88.9306906, 26.857394 ], [ 88.9307305, 26.8575123 ], [ 88.9308316, 26.8578119 ], [ 88.9311383, 26.8585685 ], [ 88.9313185, 26.8591586 ], [ 88.9314128, 26.8594338 ], [ 88.9314717, 26.8596058 ], [ 88.9315746, 26.8599063 ], [ 88.9316625, 26.8601361 ], [ 88.9319326, 26.8607741 ], [ 88.9319871, 26.8609084 ], [ 88.9320101, 26.8609652 ], [ 88.9321968, 26.8615845 ], [ 88.9323105, 26.8619487 ], [ 88.9324621, 26.8623387 ], [ 88.9326111, 26.8627262 ], [ 88.9327048, 26.8630027 ], [ 88.9327169, 26.8630781 ], [ 88.932745, 26.8632563 ], [ 88.9327583, 26.8634555 ], [ 88.9327507, 26.8640406 ], [ 88.9327448, 26.8642199 ], [ 88.9327306, 26.8646483 ], [ 88.9327272, 26.8647609 ], [ 88.9327051, 26.8654858 ], [ 88.9326595, 26.8665996 ], [ 88.9326636, 26.8671332 ], [ 88.9326729, 26.867309 ], [ 88.9326918, 26.867391 ], [ 88.9327011, 26.8674311 ], [ 88.9327601, 26.8675782 ], [ 88.9328231, 26.8676919 ], [ 88.9329787, 26.8679 ], [ 88.9330873, 26.8680352 ], [ 88.9332791, 26.8682553 ], [ 88.9336426, 26.8686525 ], [ 88.9340851, 26.8691239 ], [ 88.9344848, 26.8694828 ], [ 88.9349931, 26.8699385 ], [ 88.9352479, 26.8701623 ], [ 88.9353163, 26.8702436 ], [ 88.9353592, 26.8703082 ], [ 88.9355067, 26.8705511 ], [ 88.9356056, 26.8706981 ], [ 88.9358876, 26.8711169 ], [ 88.9361236, 26.8715081 ], [ 88.936206, 26.8716347 ], [ 88.9363167, 26.8718048 ], [ 88.9364334, 26.8719531 ], [ 88.9367164, 26.8722665 ], [ 88.9367998, 26.8723594 ], [ 88.9369323, 26.872507 ], [ 88.937049, 26.8726518 ], [ 88.9372957, 26.8730023 ], [ 88.9375975, 26.873423 ], [ 88.9379435, 26.8739054 ], [ 88.9385322, 26.8747476 ], [ 88.9385643, 26.8747929 ], [ 88.939066, 26.8755013 ], [ 88.9391072, 26.8755597 ], [ 88.9392147, 26.8757118 ], [ 88.9395372, 26.8761683 ], [ 88.939644, 26.8763195 ], [ 88.9400437, 26.8768877 ], [ 88.9403999, 26.8773842 ], [ 88.9406565, 26.8777418 ], [ 88.9407369, 26.8778317 ], [ 88.9408148, 26.8779189 ], [ 88.9409529, 26.8780624 ], [ 88.9410568, 26.8781561 ], [ 88.9410832, 26.878186 ], [ 88.9413123, 26.8784835 ], [ 88.9413863, 26.8785887 ], [ 88.94148, 26.8787209 ], [ 88.9415938, 26.8789091 ], [ 88.9406983, 26.879268 ], [ 88.9395497, 26.87974 ], [ 88.938504, 26.8801818 ], [ 88.9384506, 26.8802058 ], [ 88.9380243, 26.8803841 ], [ 88.9377061, 26.8805023 ], [ 88.9372448, 26.8806721 ], [ 88.9370641, 26.8807367 ], [ 88.9369693, 26.8807616 ], [ 88.9368674, 26.8807819 ], [ 88.9365764, 26.8808239 ], [ 88.9364643, 26.8808356 ], [ 88.9355746, 26.8809383 ], [ 88.9350712, 26.8809942 ], [ 88.934657, 26.8810498 ], [ 88.9340285, 26.8811428 ], [ 88.9335688, 26.8812077 ], [ 88.9317704, 26.8814791 ], [ 88.9315077, 26.8815159 ], [ 88.9313807, 26.8815311 ], [ 88.9312705, 26.881542 ], [ 88.9309181, 26.8815914 ], [ 88.9305956, 26.8816435 ], [ 88.9301647, 26.8816849 ], [ 88.929857, 26.8817077 ], [ 88.9297064, 26.8817119 ], [ 88.9295449, 26.8817111 ], [ 88.9292701, 26.8817011 ], [ 88.9290077, 26.8816747 ], [ 88.928769, 26.8816412 ], [ 88.9285435, 26.8816042 ], [ 88.9283843, 26.8815652 ], [ 88.9283579, 26.8815587 ], [ 88.9282686, 26.881537 ], [ 88.9282091, 26.8815209 ], [ 88.9280111, 26.8814675 ], [ 88.9277745, 26.8813951 ], [ 88.9276209, 26.8813378 ], [ 88.92745, 26.8812686 ], [ 88.9272274, 26.8811656 ], [ 88.9270353, 26.8810661 ], [ 88.9265786, 26.8808045 ], [ 88.9263133, 26.8806175 ], [ 88.9261206, 26.8804687 ], [ 88.9261081, 26.880459 ], [ 88.926106, 26.8804572 ], [ 88.9260923, 26.8804459 ], [ 88.9258581, 26.8802526 ], [ 88.9257004, 26.8801059 ], [ 88.9255116, 26.8799057 ], [ 88.9253467, 26.8797262 ], [ 88.9252016, 26.8795365 ], [ 88.9251426, 26.8794521 ], [ 88.9250993, 26.8793899 ], [ 88.9250409, 26.8793026 ], [ 88.9244236, 26.8783461 ], [ 88.9242991, 26.8781942 ], [ 88.9240804, 26.8779561 ], [ 88.9236765, 26.8775733 ], [ 88.9234497, 26.8773819 ], [ 88.9232349, 26.8772273 ], [ 88.9231175, 26.8771444 ], [ 88.9229545, 26.8770395 ], [ 88.9228269, 26.8769602 ], [ 88.9226881, 26.8768803 ], [ 88.922534, 26.876797 ], [ 88.9222553, 26.8766523 ], [ 88.9217919, 26.8764599 ], [ 88.9214924, 26.8763436 ], [ 88.9210477, 26.8761939 ], [ 88.9203872, 26.8759402 ], [ 88.9201011, 26.8758324 ], [ 88.9198445, 26.875738 ], [ 88.9195967, 26.875641 ], [ 88.9189055, 26.8753832 ], [ 88.9185279, 26.8752413 ], [ 88.9183412, 26.8751712 ], [ 88.9181791, 26.8751103 ], [ 88.9159322, 26.8742661 ], [ 88.9158292, 26.8741792 ], [ 88.9158183, 26.8741715 ], [ 88.915773, 26.8741554 ], [ 88.9151456, 26.8739325 ], [ 88.914851, 26.8738278 ], [ 88.914629, 26.8737489 ], [ 88.9146168, 26.8737466 ], [ 88.9144685, 26.8737399 ], [ 88.9132034, 26.8732794 ], [ 88.913162, 26.8732635 ], [ 88.9129768, 26.8731923 ], [ 88.9128991, 26.8731625 ], [ 88.912513, 26.8730219 ], [ 88.9123692, 26.8729651 ], [ 88.9122437, 26.8729187 ], [ 88.9120198, 26.8728458 ], [ 88.9120056, 26.8728425 ], [ 88.9118643, 26.8727917 ], [ 88.9116747, 26.8727317 ], [ 88.9113929, 26.8726216 ], [ 88.9106503, 26.8723538 ], [ 88.9104391, 26.8722652 ], [ 88.9097802, 26.8720139 ], [ 88.9095081, 26.8719101 ], [ 88.9089901, 26.8717224 ], [ 88.9086256, 26.8716017 ], [ 88.908111, 26.8714142 ], [ 88.9078796, 26.8713343 ], [ 88.907845, 26.8713209 ], [ 88.9061774, 26.8708023 ], [ 88.905637, 26.870637 ], [ 88.9046344, 26.8703253 ], [ 88.9043065, 26.870214 ], [ 88.9041197, 26.8701569 ], [ 88.9031074, 26.8698269 ], [ 88.9027034, 26.8696909 ], [ 88.9023987, 26.8695924 ], [ 88.9019621, 26.8694486 ], [ 88.9017174, 26.8693713 ], [ 88.9012081, 26.8692231 ], [ 88.9009212, 26.8691295 ], [ 88.9007048, 26.8690659 ], [ 88.900508, 26.8690095 ], [ 88.9003468, 26.868968 ], [ 88.9001072, 26.8689171 ], [ 88.8999986, 26.8689005 ], [ 88.8999174, 26.8688906 ], [ 88.8998081, 26.8688781 ], [ 88.8996722, 26.8688675 ], [ 88.8994999, 26.868855 ], [ 88.899378, 26.8688458 ], [ 88.8992442, 26.8688398 ], [ 88.8991349, 26.8688383 ], [ 88.8990078, 26.868839 ], [ 88.8988909, 26.8688413 ], [ 88.8987637, 26.8688498 ], [ 88.8986529, 26.8688595 ], [ 88.8985442, 26.8688724 ], [ 88.8984358, 26.8688869 ], [ 88.8983404, 26.8689009 ], [ 88.8982516, 26.8689145 ], [ 88.8981301, 26.8689384 ], [ 88.8980123, 26.8689626 ], [ 88.8979405, 26.8689794 ], [ 88.8978744, 26.8689953 ], [ 88.897758, 26.8690275 ], [ 88.8976429, 26.8690635 ], [ 88.8975507, 26.8690958 ], [ 88.8974845, 26.8691217 ], [ 88.8973609, 26.869169 ], [ 88.8971287, 26.8692654 ], [ 88.8969294, 26.8693491 ], [ 88.8968553, 26.8693814 ], [ 88.8967994, 26.8694057 ], [ 88.8966747, 26.8694615 ], [ 88.8964944, 26.869542 ], [ 88.8957472, 26.869894 ], [ 88.8953031, 26.870098 ], [ 88.8953469, 26.8701166 ], [ 88.8953721, 26.8701241 ], [ 88.8953999, 26.870129 ], [ 88.895442, 26.8701337 ], [ 88.8955115, 26.8701373 ], [ 88.8955886, 26.8701416 ], [ 88.8956774, 26.8701486 ], [ 88.8957457, 26.8701548 ], [ 88.8958159, 26.8701642 ], [ 88.8958823, 26.8701747 ], [ 88.8959312, 26.870184 ], [ 88.8959706, 26.8701927 ], [ 88.89606, 26.8702341 ], [ 88.8961086, 26.8702574 ], [ 88.8961609, 26.8702858 ], [ 88.8962109, 26.8703163 ], [ 88.8962672, 26.8703507 ], [ 88.8963152, 26.8703832 ], [ 88.8963717, 26.8704228 ], [ 88.8964173, 26.8704567 ], [ 88.8965019, 26.8705279 ], [ 88.8966161, 26.8706267 ], [ 88.8966468, 26.8706532 ], [ 88.8967583, 26.8707541 ], [ 88.8973242, 26.8712668 ], [ 88.897472, 26.8714013 ], [ 88.8976209, 26.8715494 ], [ 88.897742, 26.8716673 ], [ 88.897854, 26.8717861 ], [ 88.897969, 26.8719254 ], [ 88.8981357, 26.8721279 ], [ 88.898329, 26.8723691 ], [ 88.8985585, 26.8726592 ], [ 88.8987032, 26.8728471 ], [ 88.8988131, 26.8729876 ], [ 88.8992498, 26.8735279 ], [ 88.8994025, 26.8737048 ], [ 88.8994936, 26.8738123 ], [ 88.8995923, 26.8739255 ], [ 88.8996386, 26.8739767 ], [ 88.8997039, 26.8740431 ], [ 88.8997624, 26.8741027 ], [ 88.8998224, 26.8741526 ], [ 88.8998994, 26.8741983 ], [ 88.9000013, 26.8742521 ], [ 88.9000201, 26.8742606 ], [ 88.8998756, 26.8744423 ], [ 88.8998549, 26.8744537 ], [ 88.8998133, 26.8744704 ], [ 88.8996778, 26.8745051 ], [ 88.8996583, 26.87451 ] ] } },
{ "type": "Feature", "properties": { "name": "Route", "distance_km": null, "time_min": null }, "geometry": { "type": "LineString", "coordinates": [ [ 88.8974907, 26.8393417 ], [ 88.8975558, 26.8396106 ], [ 88.897562, 26.8396363 ], [ 88.8976117, 26.8399235 ], [ 88.8976935, 26.8403231 ], [ 88.8977216, 26.840438 ], [ 88.8977538, 26.8405002 ], [ 88.8977746, 26.8405221 ], [ 88.8978061, 26.8405445 ], [ 88.8979161, 26.8406091 ], [ 88.8979423, 26.840625 ], [ 88.8979604, 26.840645 ], [ 88.8979805, 26.8406785 ], [ 88.8979899, 26.8407144 ], [ 88.8979899, 26.8407707 ], [ 88.8979523, 26.841071 ], [ 88.8979148, 26.8413809 ], [ 88.8979105, 26.8414689 ], [ 88.8979047, 26.8415895 ], [ 88.8979094, 26.8416107 ], [ 88.8979168, 26.8416278 ], [ 88.8979316, 26.8416481 ], [ 88.8979436, 26.8416589 ], [ 88.8979657, 26.8416741 ], [ 88.8979939, 26.8416861 ], [ 88.8980891, 26.8417052 ], [ 88.8983828, 26.8417423 ], [ 88.8985048, 26.8417579 ], [ 88.8985679, 26.8417543 ], [ 88.8986014, 26.8417507 ], [ 88.8986483, 26.8417411 ], [ 88.8987301, 26.8417363 ], [ 88.8988615, 26.8417459 ], [ 88.8989099, 26.8417495 ], [ 88.89917, 26.8417842 ], [ 88.8992288, 26.8417935 ], [ 88.899795, 26.8418835 ], [ 88.9000228, 26.8419189 ], [ 88.9002483, 26.8419541 ], [ 88.9005742, 26.842002 ], [ 88.9008169, 26.8420503 ], [ 88.9009249, 26.8420548 ], [ 88.9009634, 26.8420603 ], [ 88.9011089, 26.8420987 ], [ 88.9011337, 26.8420615 ], [ 88.9011417, 26.8420471 ], [ 88.9011773, 26.8419503 ], [ 88.9012336, 26.8416391 ], [ 88.9013315, 26.8410097 ], [ 88.9014004, 26.8406885 ], [ 88.9014562, 26.8404282 ], [ 88.9014738, 26.8403348 ], [ 88.9014884, 26.840257 ], [ 88.9015515, 26.8400177 ], [ 88.9016185, 26.8398514 ], [ 88.9016351, 26.8398162 ], [ 88.901707, 26.8396635 ], [ 88.9017557, 26.8395711 ], [ 88.9018022, 26.8394828 ], [ 88.9019191, 26.8392504 ], [ 88.901931, 26.8392267 ], [ 88.9019927, 26.8390784 ], [ 88.9020584, 26.8388701 ], [ 88.9021013, 26.838638 ], [ 88.9021456, 26.8383209 ], [ 88.9021497, 26.8382954 ], [ 88.9021595, 26.8382678 ], [ 88.902167, 26.8382479 ], [ 88.9021823, 26.8382168 ], [ 88.9022073, 26.8381833 ], [ 88.9023132, 26.8380504 ], [ 88.9024313, 26.8379163 ], [ 88.9029294, 26.8373505 ], [ 88.9031581, 26.8370907 ], [ 88.9033365, 26.836837 ], [ 88.9034303, 26.8366863 ], [ 88.903488, 26.8365462 ], [ 88.9035363, 26.8363775 ], [ 88.9035551, 26.8362495 ], [ 88.9035537, 26.8360712 ], [ 88.9035564, 26.8357014 ], [ 88.9035604, 26.8356368 ], [ 88.9035738, 26.8355877 ], [ 88.9035743, 26.8355867 ], [ 88.9036302, 26.8354621 ], [ 88.903822, 26.8350157 ], [ 88.903898, 26.8348068 ], [ 88.9039428, 26.8346836 ], [ 88.9040701, 26.8343336 ], [ 88.9043034, 26.833691 ], [ 88.9045272, 26.8329744 ], [ 88.9046318, 26.83268 ], [ 88.9047337, 26.8323497 ], [ 88.9048262, 26.832074 ], [ 88.904955, 26.8316903 ], [ 88.9050903, 26.8312908 ], [ 88.9051429, 26.8312091 ], [ 88.9051443, 26.8311492 ], [ 88.9051299, 26.8309984 ], [ 88.905122, 26.8309154 ], [ 88.9051215, 26.8309098 ], [ 88.9050035, 26.8304742 ], [ 88.90499, 26.8304199 ], [ 88.9049391, 26.8302157 ], [ 88.9048734, 26.8300182 ], [ 88.9047942, 26.8298304 ], [ 88.9046697, 26.8296208 ], [ 88.9046548, 26.8295958 ], [ 88.9045663, 26.8294618 ], [ 88.9044563, 26.8292691 ], [ 88.9044424, 26.8292393 ], [ 88.9043342, 26.8290082 ], [ 88.9043045, 26.8289062 ], [ 88.9042913, 26.828861 ], [ 88.9042739, 26.8287186 ], [ 88.9042712, 26.8285534 ], [ 88.904286, 26.8283739 ], [ 88.9043155, 26.8281741 ], [ 88.9043222, 26.8280524 ], [ 88.9043289, 26.8279323 ], [ 88.9043101, 26.8277384 ], [ 88.9042388, 26.8274312 ], [ 88.9041425, 26.8270168 ], [ 88.9039266, 26.8261635 ], [ 88.9039013, 26.8260244 ], [ 88.9037522, 26.8252037 ], [ 88.9036161, 26.8245441 ], [ 88.9035407, 26.8241785 ], [ 88.9034871, 26.8239978 ], [ 88.9034605, 26.8239153 ], [ 88.9032278, 26.8231931 ], [ 88.9031755, 26.8230794 ], [ 88.9031313, 26.8230171 ], [ 88.9030824, 26.8229657 ], [ 88.9030461, 26.8229321 ], [ 88.9026743, 26.8226815 ], [ 88.9021997, 26.8223961 ], [ 88.9020225, 26.822251 ], [ 88.9019689, 26.8221876 ], [ 88.9019407, 26.8221421 ], [ 88.9019139, 26.8220774 ], [ 88.901904, 26.8220234 ], [ 88.901871, 26.8218441 ], [ 88.9018482, 26.8217806 ], [ 88.9017999, 26.8216729 ], [ 88.9016591, 26.8212983 ], [ 88.9015612, 26.820968 ], [ 88.9015236, 26.8208124 ], [ 88.9014431, 26.820378 ], [ 88.9014289, 26.8203171 ], [ 88.9014088, 26.8202728 ], [ 88.9013565, 26.8201795 ], [ 88.9012747, 26.8200669 ], [ 88.901206, 26.8199868 ], [ 88.9008898, 26.8196181 ], [ 88.9008432, 26.8195715 ], [ 88.9006551, 26.8193836 ], [ 88.9003587, 26.8191167 ], [ 88.9000158, 26.8188407 ], [ 88.8996465, 26.8185434 ], [ 88.8990699, 26.8180622 ], [ 88.8989948, 26.8179892 ], [ 88.8989706, 26.8179577 ], [ 88.8989626, 26.8179473 ], [ 88.8989384, 26.8178899 ], [ 88.8989331, 26.8178217 ], [ 88.8989411, 26.8177738 ], [ 88.8989545, 26.8177343 ], [ 88.8989827, 26.8176685 ], [ 88.8990551, 26.8175392 ], [ 88.8992818, 26.8171682 ], [ 88.8993219, 26.8171069 ], [ 88.899554, 26.8167517 ], [ 88.8997359, 26.8164896 ], [ 88.8997592, 26.816456 ], [ 88.8999952, 26.8161053 ], [ 88.9000935, 26.815953 ], [ 88.9005585, 26.8152521 ], [ 88.9006769, 26.8150735 ], [ 88.9012656, 26.8141798 ], [ 88.9014004, 26.8139719 ], [ 88.9014674, 26.813869 ], [ 88.9015008, 26.8138239 ], [ 88.9015063, 26.8138164 ], [ 88.901556, 26.8137733 ], [ 88.9018148, 26.8136332 ], [ 88.9021688, 26.8134513 ], [ 88.9023231, 26.813352 ], [ 88.9023566, 26.8133256 ], [ 88.9023874, 26.8132921 ], [ 88.902417, 26.8132433 ], [ 88.9023373, 26.8131889 ], [ 88.9017904, 26.8128155 ], [ 88.9017553, 26.8127918 ], [ 88.901133, 26.8123718 ], [ 88.9010692, 26.8123287 ], [ 88.9006021, 26.8120135 ], [ 88.9002962, 26.8118247 ], [ 88.9002199, 26.8117777 ], [ 88.9001328, 26.8117191 ], [ 88.9000425, 26.8116417 ], [ 88.9000308, 26.8116317 ], [ 88.899831, 26.8113899 ], [ 88.8995599, 26.8110291 ], [ 88.8992329, 26.810594 ], [ 88.8989601, 26.8102405 ], [ 88.8988125, 26.8100492 ], [ 88.8986361, 26.8098207 ], [ 88.898164, 26.8091899 ], [ 88.8980707, 26.8090648 ], [ 88.8976242, 26.8084658 ], [ 88.8975136, 26.8083174 ], [ 88.8972815, 26.8080213 ], [ 88.8969074, 26.8075441 ], [ 88.89683, 26.8074237 ], [ 88.8968032, 26.8073651 ], [ 88.8967928, 26.8072956 ], [ 88.8970813, 26.8071168 ], [ 88.8974672, 26.8069019 ], [ 88.8976446, 26.8068032 ], [ 88.8978137, 26.8067184 ], [ 88.8979142, 26.8066679 ], [ 88.8980791, 26.8065829 ], [ 88.8981134, 26.806555 ], [ 88.8981268, 26.8065371 ], [ 88.8981328, 26.8065207 ], [ 88.8981395, 26.8064788 ], [ 88.8981314, 26.8064022 ], [ 88.8980751, 26.806225 ], [ 88.8980532, 26.8061652 ], [ 88.8979718, 26.8059425 ], [ 88.8979302, 26.8057462 ], [ 88.897913, 26.8056417 ], [ 88.8979021, 26.805575 ], [ 88.897894, 26.8054781 ], [ 88.8978873, 26.8053488 ], [ 88.897891, 26.8052832 ], [ 88.8978981, 26.8051549 ], [ 88.8979262, 26.8048856 ], [ 88.897945, 26.8047743 ], [ 88.8979482, 26.8047464 ], [ 88.8979504, 26.8047276 ], [ 88.897945, 26.8046617 ], [ 88.8979168, 26.8045767 ], [ 88.8978592, 26.8045001 ], [ 88.8976687, 26.8042855 ], [ 88.8976446, 26.8042583 ], [ 88.8974256, 26.8039986 ], [ 88.8972771, 26.8038226 ], [ 88.897025, 26.8035737 ], [ 88.8968844, 26.8034688 ], [ 88.8968614, 26.8034516 ], [ 88.896716, 26.8033704 ], [ 88.8965451, 26.8032751 ], [ 88.8965288, 26.803266 ], [ 88.89616, 26.8030948 ], [ 88.8958368, 26.8029344 ], [ 88.8956611, 26.802877 ], [ 88.8955726, 26.802865 ], [ 88.8954881, 26.8028411 ], [ 88.8954076, 26.802804 ], [ 88.8953473, 26.8027573 ], [ 88.8953044, 26.802713 ], [ 88.8952413, 26.8026412 ], [ 88.895189, 26.8025634 ], [ 88.8951488, 26.8025047 ], [ 88.8950697, 26.8024221 ], [ 88.8947553, 26.8021901 ], [ 88.8947518, 26.8021875 ], [ 88.8944407, 26.8019218 ], [ 88.8943224, 26.8018136 ], [ 88.8941817, 26.8016849 ], [ 88.8941698, 26.801674 ], [ 88.8938667, 26.8013592 ], [ 88.893794, 26.8012712 ], [ 88.8936494, 26.8010958 ], [ 88.8934107, 26.8007152 ], [ 88.8931852, 26.8003406 ], [ 88.8930433, 26.8001047 ], [ 88.892898, 26.7998658 ], [ 88.8928475, 26.7997827 ], [ 88.8926919, 26.7994535 ], [ 88.8925407, 26.799022 ], [ 88.8923915, 26.7985964 ], [ 88.8923305, 26.7984251 ], [ 88.8922721, 26.7982612 ], [ 88.8922694, 26.7982537 ], [ 88.8921434, 26.7979057 ], [ 88.8920441, 26.7977165 ], [ 88.891959, 26.7975932 ], [ 88.8918698, 26.7974639 ], [ 88.8917228, 26.7973027 ], [ 88.89156, 26.797124 ], [ 88.8913575, 26.7969468 ], [ 88.8912676, 26.7968522 ], [ 88.8910922, 26.796606 ], [ 88.8910638, 26.7965661 ], [ 88.891, 26.7964463 ], [ 88.8908291, 26.7961256 ], [ 88.8907191, 26.7958215 ], [ 88.8907048, 26.7957786 ], [ 88.8905354, 26.7952673 ], [ 88.8905333, 26.7952612 ], [ 88.8904739, 26.7950893 ], [ 88.8904308, 26.7949644 ], [ 88.8902564, 26.7946663 ], [ 88.8900727, 26.7944101 ], [ 88.8899923, 26.7942533 ], [ 88.8899474, 26.7941238 ], [ 88.8899346, 26.7940869 ], [ 88.8898903, 26.7938978 ], [ 88.8898698, 26.7937712 ], [ 88.8898595, 26.7937074 ], [ 88.8898058, 26.7935506 ], [ 88.889653, 26.7933363 ], [ 88.889488, 26.7930646 ], [ 88.8894369, 26.7929668 ], [ 88.8893485, 26.7927976 ], [ 88.8893016, 26.7925534 ], [ 88.8892882, 26.7924305 ], [ 88.8892711, 26.7922698 ], [ 88.8892542, 26.7921113 ], [ 88.8892494, 26.7918842 ], [ 88.8892526, 26.791731 ], [ 88.8892585, 26.7914535 ], [ 88.8892408, 26.7911329 ], [ 88.8892061, 26.7910013 ], [ 88.8891222, 26.7908536 ], [ 88.8887889, 26.7902668 ], [ 88.8886728, 26.7900488 ], [ 88.8885379, 26.7897956 ], [ 88.8884249, 26.7895568 ], [ 88.8884043, 26.7895134 ], [ 88.8883186, 26.7891953 ], [ 88.8883158, 26.7888853 ], [ 88.8883718, 26.7886762 ], [ 88.8883965, 26.7885842 ], [ 88.8885005, 26.7882697 ], [ 88.8886824, 26.7880211 ], [ 88.8887175, 26.7879732 ], [ 88.8889557, 26.7877369 ], [ 88.8890791, 26.7876035 ], [ 88.8891625, 26.7874842 ], [ 88.8891709, 26.7874544 ], [ 88.8891893, 26.7873887 ], [ 88.8891789, 26.7872788 ], [ 88.8891198, 26.7871329 ], [ 88.88911, 26.7871078 ], [ 88.8890582, 26.786975 ], [ 88.8890103, 26.7867892 ], [ 88.8889671, 26.7865738 ], [ 88.8889413, 26.786406 ], [ 88.8889316, 26.7863429 ], [ 88.8889028, 26.7862392 ], [ 88.8888614, 26.7861614 ], [ 88.8888147, 26.7861127 ], [ 88.888705, 26.7860294 ], [ 88.8884691, 26.7858602 ], [ 88.8884269, 26.7858299 ], [ 88.8883262, 26.785734 ], [ 88.88824, 26.7856519 ], [ 88.8881063, 26.7854922 ], [ 88.8880444, 26.7854126 ], [ 88.8879563, 26.7852744 ], [ 88.8878949, 26.7851808 ], [ 88.8878468, 26.7850596 ], [ 88.8878129, 26.7849441 ], [ 88.8877922, 26.7848244 ], [ 88.8877878, 26.7847908 ], [ 88.8877735, 26.7846814 ], [ 88.887768, 26.7846118 ], [ 88.8877592, 26.7845007 ], [ 88.8877501, 26.7843963 ], [ 88.8877441, 26.7843069 ], [ 88.8877581, 26.7842215 ], [ 88.8877746, 26.7841601 ], [ 88.8878496, 26.7840126 ], [ 88.8879343, 26.7839055 ], [ 88.8880322, 26.7837993 ], [ 88.8881629, 26.7836451 ], [ 88.8882265, 26.7835611 ], [ 88.8882627, 26.7834921 ], [ 88.8882861, 26.7834276 ], [ 88.888299, 26.783333 ], [ 88.8882999, 26.7832204 ], [ 88.8882967, 26.7831341 ], [ 88.8882954, 26.7830981 ], [ 88.8882964, 26.7829462 ], [ 88.888292, 26.782855 ], [ 88.8882919, 26.7826883 ], [ 88.8883018, 26.7824784 ], [ 88.8882989, 26.782415 ], [ 88.8882925, 26.7822735 ], [ 88.8883009, 26.7821264 ], [ 88.8882984, 26.7820556 ], [ 88.8882951, 26.7819632 ], [ 88.8882925, 26.7818223 ], [ 88.8882807, 26.7816964 ], [ 88.8882786, 26.7816744 ], [ 88.8882799, 26.7815166 ], [ 88.8882802, 26.7814739 ], [ 88.8882736, 26.7812422 ], [ 88.8882913, 26.7808649 ], [ 88.8882895, 26.7806177 ], [ 88.8882891, 26.7805714 ], [ 88.8882844, 26.7804379 ], [ 88.8882801, 26.7803155 ], [ 88.8882613, 26.7800693 ], [ 88.8881918, 26.7797185 ], [ 88.8880732, 26.7793249 ], [ 88.8880425, 26.7792019 ], [ 88.8879718, 26.7789188 ], [ 88.8879017, 26.7786773 ], [ 88.8878588, 26.7785293 ], [ 88.8878517, 26.778503 ], [ 88.8878044, 26.7783282 ], [ 88.8877826, 26.7782477 ], [ 88.8877723, 26.7779775 ], [ 88.8878284, 26.7776094 ], [ 88.8878577, 26.7774368 ], [ 88.8878875, 26.7772608 ], [ 88.8879116, 26.7770345 ], [ 88.8879341, 26.7769017 ], [ 88.8879387, 26.7768743 ], [ 88.8879898, 26.7767813 ], [ 88.8880229, 26.7767427 ], [ 88.8880775, 26.7766789 ], [ 88.8881193, 26.7766288 ], [ 88.8881481, 26.7765714 ], [ 88.8881518, 26.7765439 ], [ 88.8881488, 26.7765194 ], [ 88.8881429, 26.7764704 ], [ 88.8881207, 26.776373 ], [ 88.8880466, 26.7760673 ], [ 88.888021, 26.7759619 ], [ 88.8879084, 26.7755584 ], [ 88.8879046, 26.7755429 ], [ 88.8878622, 26.775367 ], [ 88.8878064, 26.7751354 ], [ 88.8876777, 26.774718 ], [ 88.8875781, 26.7742712 ], [ 88.8875406, 26.7741418 ], [ 88.8874651, 26.7738816 ], [ 88.8873527, 26.7734422 ], [ 88.887328, 26.7732395 ], [ 88.8873432, 26.7730843 ], [ 88.8873471, 26.7730454 ], [ 88.8874511, 26.7727543 ], [ 88.8875193, 26.772455 ], [ 88.8875981, 26.7722159 ], [ 88.8876258, 26.7721319 ], [ 88.8877088, 26.7718772 ], [ 88.8877981, 26.7715652 ], [ 88.8878572, 26.771347 ], [ 88.8878706, 26.7712975 ], [ 88.88797, 26.7710331 ], [ 88.8881402, 26.7704695 ], [ 88.888316, 26.7699454 ], [ 88.8883622, 26.7697927 ], [ 88.8884147, 26.7696191 ], [ 88.8884465, 26.769514 ], [ 88.8884688, 26.7694459 ], [ 88.8885665, 26.7691473 ], [ 88.888635, 26.7689137 ], [ 88.8886642, 26.7687488 ], [ 88.8886947, 26.7685768 ], [ 88.8887136, 26.7684461 ], [ 88.8887179, 26.7683165 ], [ 88.8887294, 26.7681837 ], [ 88.8887411, 26.7680334 ], [ 88.8887447, 26.7679878 ], [ 88.888776, 26.767825 ], [ 88.888795, 26.7676939 ], [ 88.8888228, 26.7675549 ], [ 88.8888178, 26.7674801 ], [ 88.8888125, 26.7673874 ], [ 88.8887827, 26.7673037 ], [ 88.8886969, 26.7671852 ], [ 88.8886066, 26.7670814 ], [ 88.8885382, 26.7669809 ], [ 88.8884549, 26.7668553 ], [ 88.8884027, 26.766755 ], [ 88.8883689, 26.7666544 ], [ 88.888265, 26.7664672 ], [ 88.8881797, 26.7663096 ], [ 88.8881329, 26.7662223 ], [ 88.8880971, 26.7661766 ], [ 88.8880577, 26.7661132 ], [ 88.8880488, 26.7660453 ], [ 88.8880459, 26.7660282 ], [ 88.8880268, 26.7659156 ], [ 88.887993, 26.7657527 ], [ 88.8879727, 26.7656078 ], [ 88.8879778, 26.7654736 ], [ 88.8879947, 26.7653272 ], [ 88.8879947, 26.765208 ], [ 88.8879592, 26.7650768 ], [ 88.887935, 26.7650162 ], [ 88.8878984, 26.7649244 ], [ 88.8878545, 26.7647947 ], [ 88.887824, 26.7646468 ], [ 88.8878122, 26.7644914 ], [ 88.8878224, 26.7643526 ], [ 88.8878511, 26.7641837 ], [ 88.8878855, 26.7640855 ], [ 88.8879357, 26.7639788 ], [ 88.8880022, 26.7639035 ], [ 88.8880761, 26.7638432 ], [ 88.8881232, 26.7638088 ], [ 88.8882333, 26.7637286 ], [ 88.8883346, 26.7636592 ], [ 88.8884228, 26.7636052 ], [ 88.8884156, 26.7636047 ], [ 88.8883997, 26.7635994 ], [ 88.8883877, 26.763591 ], [ 88.8883736, 26.7635745 ], [ 88.8883605, 26.7635559 ], [ 88.888248, 26.7633927 ], [ 88.8881659, 26.7632733 ], [ 88.8880622, 26.7631124 ], [ 88.8879845, 26.7629968 ], [ 88.8878893, 26.7628608 ], [ 88.8877965, 26.7627177 ], [ 88.8877587, 26.762667 ], [ 88.8876807, 26.7625625 ], [ 88.8875853, 26.7624232 ], [ 88.8874892, 26.7622785 ], [ 88.887396, 26.7621386 ], [ 88.8873168, 26.7620092 ], [ 88.8872271, 26.7618783 ], [ 88.8871361, 26.7617314 ], [ 88.8870648, 26.761624 ], [ 88.8870202, 26.7615586 ], [ 88.8869707, 26.761486 ], [ 88.8868761, 26.7613447 ], [ 88.8867711, 26.7611951 ], [ 88.886688, 26.7610703 ], [ 88.8866032, 26.760943 ], [ 88.8865577, 26.7608748 ], [ 88.8864666, 26.7607488 ], [ 88.8863694, 26.7606241 ], [ 88.8862746, 26.7604933 ], [ 88.8861891, 26.7603725 ], [ 88.886115, 26.7602622 ], [ 88.8860683, 26.7601817 ], [ 88.8860165, 26.7600926 ], [ 88.8859354, 26.7599696 ], [ 88.8858178, 26.759826 ], [ 88.8857195, 26.759697 ], [ 88.8856383, 26.7595744 ], [ 88.8855469, 26.7595749 ], [ 88.8854426, 26.7594329 ], [ 88.8853662, 26.7593048 ], [ 88.8851637, 26.7589647 ], [ 88.8850148, 26.7587037 ], [ 88.8848499, 26.7583983 ], [ 88.8847924, 26.7583046 ], [ 88.8846178, 26.7580199 ], [ 88.8843966, 26.7576259 ], [ 88.8841471, 26.75719 ], [ 88.8839667, 26.7568637 ], [ 88.8838896, 26.7567242 ], [ 88.8836093, 26.756238 ], [ 88.8836005, 26.7562229 ], [ 88.8835084, 26.7560629 ], [ 88.8833746, 26.7558308 ], [ 88.8830984, 26.7553387 ], [ 88.882865, 26.7548992 ], [ 88.882633, 26.7544681 ], [ 88.8824007, 26.7540649 ], [ 88.8823304, 26.7539384 ], [ 88.8821737, 26.7536869 ], [ 88.8820425, 26.7534792 ], [ 88.8818545, 26.75317 ], [ 88.8816563, 26.7528647 ], [ 88.8815266, 26.7525965 ], [ 88.8813804, 26.7523421 ], [ 88.8812699, 26.7521599 ], [ 88.8812231, 26.7520828 ], [ 88.8810255, 26.7517344 ], [ 88.8808676, 26.7514555 ], [ 88.8808143, 26.7513579 ], [ 88.8807187, 26.7511826 ], [ 88.8805548, 26.7509047 ], [ 88.8805001, 26.7507979 ], [ 88.8804413, 26.7507163 ], [ 88.8803442, 26.7505634 ], [ 88.8803383, 26.7505439 ], [ 88.8803249, 26.7504993 ], [ 88.8803149, 26.7503936 ], [ 88.8803363, 26.7502705 ], [ 88.880343, 26.7501692 ], [ 88.880359, 26.7500662 ], [ 88.8804063, 26.7494671 ], [ 88.8804518, 26.7487001 ], [ 88.8804785, 26.7484819 ], [ 88.8804987, 26.7483166 ], [ 88.880535, 26.7480421 ], [ 88.8805714, 26.7477032 ], [ 88.8805827, 26.7475302 ], [ 88.8805885, 26.747397 ], [ 88.8805903, 26.7473546 ], [ 88.8806079, 26.746986 ], [ 88.8806126, 26.7469162 ] ] } },
{ "type": "Feature", "properties": { "name": "Route", "distance_km": null, "time_min": null }, "geometry": { "type": "LineString", "coordinates": [ [ 88.8811614, 26.7623555 ], [ 88.8811639, 26.7623897 ], [ 88.881171, 26.7624865 ], [ 88.8811692, 26.7625693 ], [ 88.8811621, 26.7629138 ], [ 88.8811428, 26.7635543 ], [ 88.8811423, 26.7635764 ], [ 88.8816547, 26.763579 ], [ 88.8821036, 26.763544 ], [ 88.8824395, 26.7635195 ], [ 88.8826586, 26.7635066 ], [ 88.8827631, 26.7635004 ], [ 88.8830166, 26.7634786 ], [ 88.8831692, 26.7634622 ], [ 88.8833433, 26.763424 ], [ 88.8836242, 26.7632904 ], [ 88.8837946, 26.7632003 ], [ 88.8840364, 26.7630723 ], [ 88.8843967, 26.7628842 ], [ 88.8846211, 26.7627574 ], [ 88.8849648, 26.7632435 ], [ 88.8851532, 26.7635209 ], [ 88.8853948, 26.7638765 ], [ 88.8856722, 26.7642917 ], [ 88.8859819, 26.764755 ], [ 88.885993, 26.7647717 ], [ 88.8865125, 26.7655454 ], [ 88.8868637, 26.7660529 ], [ 88.8870785, 26.7663839 ], [ 88.8873998, 26.7662704 ], [ 88.8876238, 26.7661954 ], [ 88.8876645, 26.7661823 ], [ 88.8877845, 26.7661439 ], [ 88.8878794, 26.7661303 ], [ 88.8880577, 26.7661132 ], [ 88.8880971, 26.7661766 ], [ 88.8881329, 26.7662223 ], [ 88.8881797, 26.7663096 ], [ 88.888265, 26.7664672 ], [ 88.8883689, 26.7666544 ], [ 88.8884027, 26.766755 ], [ 88.8884549, 26.7668553 ], [ 88.8885382, 26.7669809 ], [ 88.8886066, 26.7670814 ], [ 88.8886969, 26.7671852 ], [ 88.8887827, 26.7673037 ], [ 88.8888125, 26.7673874 ], [ 88.8888178, 26.7674801 ], [ 88.8888228, 26.7675549 ], [ 88.888795, 26.7676939 ], [ 88.888776, 26.767825 ], [ 88.8887447, 26.7679878 ], [ 88.8887411, 26.7680334 ], [ 88.8887294, 26.7681837 ], [ 88.8887179, 26.7683165 ], [ 88.8887136, 26.7684461 ], [ 88.8886947, 26.7685768 ], [ 88.8886642, 26.7687488 ], [ 88.888635, 26.7689137 ], [ 88.8885665, 26.7691473 ], [ 88.8884688, 26.7694459 ], [ 88.8884465, 26.769514 ], [ 88.8884147, 26.7696191 ], [ 88.8883622, 26.7697927 ], [ 88.888316, 26.7699454 ], [ 88.8881402, 26.7704695 ], [ 88.88797, 26.7710331 ], [ 88.8878706, 26.7712975 ], [ 88.8878572, 26.771347 ], [ 88.8877981, 26.7715652 ], [ 88.8877088, 26.7718772 ], [ 88.8876258, 26.7721319 ], [ 88.8875981, 26.7722159 ], [ 88.8875193, 26.772455 ], [ 88.8874511, 26.7727543 ], [ 88.8873471, 26.7730454 ], [ 88.8873432, 26.7730843 ], [ 88.887328, 26.7732395 ], [ 88.8873527, 26.7734422 ], [ 88.8874651, 26.7738816 ], [ 88.8875406, 26.7741418 ], [ 88.8875781, 26.7742712 ], [ 88.8876777, 26.774718 ], [ 88.8878064, 26.7751354 ], [ 88.8878622, 26.775367 ], [ 88.8879046, 26.7755429 ], [ 88.8879084, 26.7755584 ], [ 88.888021, 26.7759619 ], [ 88.8880466, 26.7760673 ], [ 88.8881207, 26.776373 ], [ 88.8881429, 26.7764704 ], [ 88.8881488, 26.7765194 ], [ 88.8881518, 26.7765439 ], [ 88.8881481, 26.7765714 ], [ 88.8881193, 26.7766288 ], [ 88.8880775, 26.7766789 ], [ 88.8880229, 26.7767427 ], [ 88.8879898, 26.7767813 ], [ 88.8879387, 26.7768743 ], [ 88.8879341, 26.7769017 ], [ 88.8879116, 26.7770345 ], [ 88.8878875, 26.7772608 ], [ 88.8878577, 26.7774368 ], [ 88.8878284, 26.7776094 ], [ 88.8877723, 26.7779775 ], [ 88.8877826, 26.7782477 ], [ 88.8878044, 26.7783282 ], [ 88.8878517, 26.778503 ], [ 88.8878588, 26.7785293 ], [ 88.8879017, 26.7786773 ], [ 88.8879718, 26.7789188 ], [ 88.8880425, 26.7792019 ], [ 88.8880732, 26.7793249 ], [ 88.8881918, 26.7797185 ], [ 88.8882613, 26.7800693 ], [ 88.8882801, 26.7803155 ], [ 88.8882844, 26.7804379 ], [ 88.8882891, 26.7805714 ], [ 88.8882895, 26.7806177 ], [ 88.8882913, 26.7808649 ], [ 88.8882736, 26.7812422 ], [ 88.8882802, 26.7814739 ], [ 88.8882799, 26.7815166 ], [ 88.8882786, 26.7816744 ], [ 88.8882807, 26.7816964 ], [ 88.8882925, 26.7818223 ], [ 88.8882951, 26.7819632 ], [ 88.8882984, 26.7820556 ], [ 88.8883009, 26.7821264 ], [ 88.8882925, 26.7822735 ], [ 88.8882989, 26.782415 ], [ 88.8883018, 26.7824784 ], [ 88.8882919, 26.7826883 ], [ 88.888292, 26.782855 ], [ 88.8882964, 26.7829462 ], [ 88.8882954, 26.7830981 ], [ 88.8882967, 26.7831341 ], [ 88.8882999, 26.7832204 ], [ 88.888299, 26.783333 ], [ 88.8882861, 26.7834276 ], [ 88.8882627, 26.7834921 ], [ 88.8882265, 26.7835611 ], [ 88.8881629, 26.7836451 ], [ 88.8880322, 26.7837993 ], [ 88.8879343, 26.7839055 ], [ 88.8878496, 26.7840126 ], [ 88.8877746, 26.7841601 ], [ 88.8877581, 26.7842215 ], [ 88.8877441, 26.7843069 ], [ 88.8877501, 26.7843963 ], [ 88.8877592, 26.7845007 ], [ 88.887768, 26.7846118 ], [ 88.8877735, 26.7846814 ], [ 88.8877878, 26.7847908 ], [ 88.8877922, 26.7848244 ], [ 88.8878129, 26.7849441 ], [ 88.8878468, 26.7850596 ], [ 88.8878949, 26.7851808 ], [ 88.8879563, 26.7852744 ], [ 88.8880444, 26.7854126 ], [ 88.8881063, 26.7854922 ], [ 88.88824, 26.7856519 ], [ 88.8883262, 26.785734 ], [ 88.8884269, 26.7858299 ], [ 88.8884691, 26.7858602 ], [ 88.888705, 26.7860294 ], [ 88.8888147, 26.7861127 ], [ 88.8888614, 26.7861614 ], [ 88.8889028, 26.7862392 ], [ 88.8889316, 26.7863429 ], [ 88.8889413, 26.786406 ], [ 88.8889671, 26.7865738 ], [ 88.8890103, 26.7867892 ], [ 88.8890582, 26.786975 ], [ 88.88911, 26.7871078 ], [ 88.8891198, 26.7871329 ], [ 88.8891789, 26.7872788 ], [ 88.8891893, 26.7873887 ], [ 88.8891709, 26.7874544 ], [ 88.8891625, 26.7874842 ], [ 88.8890791, 26.7876035 ], [ 88.8889557, 26.7877369 ], [ 88.8887175, 26.7879732 ], [ 88.8886824, 26.7880211 ], [ 88.8885005, 26.7882697 ], [ 88.8883965, 26.7885842 ], [ 88.8883718, 26.7886762 ], [ 88.8883158, 26.7888853 ], [ 88.8883186, 26.7891953 ], [ 88.8884043, 26.7895134 ], [ 88.8884249, 26.7895568 ], [ 88.8885379, 26.7897956 ], [ 88.8886728, 26.7900488 ], [ 88.8887889, 26.7902668 ], [ 88.8891222, 26.7908536 ], [ 88.8892061, 26.7910013 ], [ 88.8892408, 26.7911329 ], [ 88.8892585, 26.7914535 ], [ 88.8892526, 26.791731 ], [ 88.8892494, 26.7918842 ], [ 88.8892542, 26.7921113 ], [ 88.8892711, 26.7922698 ], [ 88.8892882, 26.7924305 ], [ 88.8893016, 26.7925534 ], [ 88.8893485, 26.7927976 ], [ 88.8894369, 26.7929668 ], [ 88.889488, 26.7930646 ], [ 88.889653, 26.7933363 ], [ 88.8898058, 26.7935506 ], [ 88.8898595, 26.7937074 ], [ 88.8898698, 26.7937712 ], [ 88.8898903, 26.7938978 ], [ 88.8899346, 26.7940869 ], [ 88.8899474, 26.7941238 ], [ 88.8899923, 26.7942533 ], [ 88.8900727, 26.7944101 ], [ 88.8902564, 26.7946663 ], [ 88.8904308, 26.7949644 ], [ 88.8904739, 26.7950893 ], [ 88.8905333, 26.7952612 ], [ 88.8905354, 26.7952673 ], [ 88.8907048, 26.7957786 ], [ 88.8907191, 26.7958215 ], [ 88.8908291, 26.7961256 ], [ 88.891, 26.7964463 ], [ 88.8910638, 26.7965661 ], [ 88.8910922, 26.796606 ], [ 88.8912676, 26.7968522 ], [ 88.8913575, 26.7969468 ], [ 88.89156, 26.797124 ], [ 88.8917228, 26.7973027 ], [ 88.8918698, 26.7974639 ], [ 88.891959, 26.7975932 ], [ 88.8920441, 26.7977165 ], [ 88.8921434, 26.7979057 ], [ 88.8922694, 26.7982537 ], [ 88.8922721, 26.7982612 ], [ 88.8923305, 26.7984251 ], [ 88.8923915, 26.7985964 ], [ 88.8925407, 26.799022 ], [ 88.8926919, 26.7994535 ], [ 88.8928475, 26.7997827 ], [ 88.892898, 26.7998658 ], [ 88.8930433, 26.8001047 ], [ 88.8931852, 26.8003406 ], [ 88.8934107, 26.8007152 ], [ 88.8936494, 26.8010958 ], [ 88.893794, 26.8012712 ], [ 88.8938667, 26.8013592 ], [ 88.8941698, 26.801674 ], [ 88.8941817, 26.8016849 ], [ 88.8943224, 26.8018136 ], [ 88.8944407, 26.8019218 ], [ 88.8947518, 26.8021875 ], [ 88.8947553, 26.8021901 ], [ 88.8950697, 26.8024221 ], [ 88.8951488, 26.8025047 ], [ 88.895189, 26.8025634 ], [ 88.8952413, 26.8026412 ], [ 88.8953044, 26.802713 ], [ 88.8953473, 26.8027573 ], [ 88.8954076, 26.802804 ], [ 88.8954881, 26.8028411 ], [ 88.8955726, 26.802865 ], [ 88.8956611, 26.802877 ], [ 88.8958368, 26.8029344 ], [ 88.89616, 26.8030948 ], [ 88.8965288, 26.803266 ], [ 88.8965451, 26.8032751 ], [ 88.896716, 26.8033704 ], [ 88.8968614, 26.8034516 ], [ 88.8968844, 26.8034688 ], [ 88.897025, 26.8035737 ], [ 88.8972771, 26.8038226 ], [ 88.8974256, 26.8039986 ], [ 88.8976446, 26.8042583 ], [ 88.8976687, 26.8042855 ], [ 88.8978592, 26.8045001 ], [ 88.8979168, 26.8045767 ], [ 88.897945, 26.8046617 ], [ 88.8979504, 26.8047276 ], [ 88.8979482, 26.8047464 ], [ 88.897945, 26.8047743 ], [ 88.8979262, 26.8048856 ], [ 88.8978981, 26.8051549 ], [ 88.897891, 26.8052832 ], [ 88.8978873, 26.8053488 ], [ 88.897894, 26.8054781 ], [ 88.8979021, 26.805575 ], [ 88.897913, 26.8056417 ], [ 88.8979302, 26.8057462 ], [ 88.8979718, 26.8059425 ], [ 88.8980532, 26.8061652 ], [ 88.8980751, 26.806225 ], [ 88.8981314, 26.8064022 ], [ 88.8981395, 26.8064788 ], [ 88.8981328, 26.8065207 ], [ 88.8981268, 26.8065371 ], [ 88.8981134, 26.806555 ], [ 88.8980791, 26.8065829 ], [ 88.8979142, 26.8066679 ], [ 88.8978137, 26.8067184 ], [ 88.8976446, 26.8068032 ], [ 88.8974672, 26.8069019 ], [ 88.8970813, 26.8071168 ], [ 88.8967928, 26.8072956 ], [ 88.8968032, 26.8073651 ], [ 88.89683, 26.8074237 ], [ 88.8969074, 26.8075441 ], [ 88.8969489, 26.8075971 ] ] } },
{ "type": "Feature", "properties": { "name": "Route", "distance_km": null, "time_min": null }, "geometry": { "type": "LineString", "coordinates": [ [ 88.8973442, 26.8141445 ], [ 88.8974368, 26.8142387 ], [ 88.8978739, 26.8146868 ], [ 88.8979598, 26.8147749 ], [ 88.8985928, 26.8154559 ], [ 88.8989087, 26.8157902 ], [ 88.8990387, 26.8159277 ], [ 88.8991494, 26.8160448 ], [ 88.8991693, 26.8160646 ], [ 88.8993041, 26.8161984 ], [ 88.8994256, 26.8163189 ], [ 88.8995517, 26.8164182 ], [ 88.8996456, 26.8164637 ], [ 88.8997359, 26.8164896 ], [ 88.899554, 26.8167517 ], [ 88.8993219, 26.8171069 ], [ 88.8992818, 26.8171682 ], [ 88.8990551, 26.8175392 ], [ 88.8989827, 26.8176685 ], [ 88.8989545, 26.8177343 ], [ 88.8989411, 26.8177738 ], [ 88.8989331, 26.8178217 ], [ 88.8989384, 26.8178899 ], [ 88.8989626, 26.8179473 ], [ 88.8989706, 26.8179577 ], [ 88.8989948, 26.8179892 ], [ 88.8990699, 26.8180622 ], [ 88.8996465, 26.8185434 ], [ 88.9000158, 26.8188407 ], [ 88.9003587, 26.8191167 ], [ 88.9006551, 26.8193836 ], [ 88.9008432, 26.8195715 ], [ 88.9008898, 26.8196181 ], [ 88.901206, 26.8199868 ], [ 88.9012747, 26.8200669 ], [ 88.9013565, 26.8201795 ], [ 88.9014088, 26.8202728 ], [ 88.9014289, 26.8203171 ], [ 88.9014431, 26.820378 ], [ 88.9015236, 26.8208124 ], [ 88.9015612, 26.820968 ], [ 88.9016591, 26.8212983 ], [ 88.9017999, 26.8216729 ], [ 88.9018482, 26.8217806 ], [ 88.901871, 26.8218441 ], [ 88.901904, 26.8220234 ], [ 88.9019139, 26.8220774 ], [ 88.9019407, 26.8221421 ], [ 88.9019689, 26.8221876 ], [ 88.9020225, 26.822251 ], [ 88.9021997, 26.8223961 ], [ 88.9026743, 26.8226815 ], [ 88.9030461, 26.8229321 ], [ 88.9030824, 26.8229657 ], [ 88.9031313, 26.8230171 ], [ 88.9031755, 26.8230794 ], [ 88.9032278, 26.8231931 ], [ 88.9034605, 26.8239153 ], [ 88.9034871, 26.8239978 ], [ 88.9035407, 26.8241785 ], [ 88.9036161, 26.8245441 ], [ 88.9037522, 26.8252037 ], [ 88.9039013, 26.8260244 ], [ 88.9039266, 26.8261635 ], [ 88.9041425, 26.8270168 ], [ 88.9042388, 26.8274312 ], [ 88.9043101, 26.8277384 ], [ 88.9043289, 26.8279323 ], [ 88.9043222, 26.8280524 ], [ 88.9043155, 26.8281741 ], [ 88.904286, 26.8283739 ], [ 88.9042712, 26.8285534 ], [ 88.9042739, 26.8287186 ], [ 88.9042913, 26.828861 ], [ 88.9043045, 26.8289062 ], [ 88.9043342, 26.8290082 ], [ 88.9044424, 26.8292393 ], [ 88.9044563, 26.8292691 ], [ 88.9045663, 26.8294618 ], [ 88.9046548, 26.8295958 ], [ 88.9046697, 26.8296208 ], [ 88.9047942, 26.8298304 ], [ 88.9048734, 26.8300182 ], [ 88.9049391, 26.8302157 ], [ 88.90499, 26.8304199 ], [ 88.9045381, 26.8305179 ], [ 88.9044835, 26.8305298 ], [ 88.9041174, 26.8306004 ], [ 88.9039474, 26.8306331 ], [ 88.9038371, 26.8306543 ], [ 88.9037519, 26.8306764 ], [ 88.9035583, 26.8307266 ], [ 88.9035099, 26.8307392 ], [ 88.9029721, 26.8308589 ] ] } },
{ "type": "Feature", "properties": { "name": "Route", "distance_km": null, "time_min": null }, "geometry": { "type": "LineString", "coordinates": [ [ 88.9056687, 26.8605816 ], [ 88.9056696, 26.8605788 ], [ 88.905797, 26.8601863 ], [ 88.9058171, 26.8601146 ], [ 88.9058399, 26.8599662 ], [ 88.9058399, 26.859886 ], [ 88.9058359, 26.8598071 ], [ 88.9058399, 26.859697 ], [ 88.9058534, 26.8596085 ], [ 88.9058788, 26.8595331 ], [ 88.9059044, 26.8594876 ], [ 88.9059338, 26.8594326 ], [ 88.9059499, 26.8593847 ], [ 88.9059593, 26.8593381 ], [ 88.9059405, 26.8589851 ], [ 88.9059332, 26.8589389 ], [ 88.9058587, 26.8584683 ], [ 88.9058346, 26.8583833 ], [ 88.9058171, 26.8583379 ], [ 88.9058078, 26.8583247 ], [ 88.905793, 26.8583103 ], [ 88.9057796, 26.8583008 ], [ 88.9057635, 26.8582936 ], [ 88.9057474, 26.8582888 ], [ 88.9057166, 26.8582864 ], [ 88.905679, 26.8582888 ], [ 88.9055811, 26.8582936 ], [ 88.9055382, 26.8582948 ], [ 88.9055114, 26.8582912 ], [ 88.9054805, 26.858278 ], [ 88.9054564, 26.8582625 ], [ 88.9054443, 26.8582517 ], [ 88.9054349, 26.8582362 ], [ 88.9054108, 26.8581871 ], [ 88.9052297, 26.8576128 ], [ 88.9050746, 26.8571173 ], [ 88.9050204, 26.856944 ], [ 88.9049803, 26.856816 ], [ 88.9049173, 26.8566138 ], [ 88.9048355, 26.8563314 ], [ 88.9047885, 26.8561544 ], [ 88.9047724, 26.8560395 ], [ 88.9047711, 26.8559498 ], [ 88.9047899, 26.8557978 ], [ 88.9048046, 26.8556686 ], [ 88.9048073, 26.8555836 ], [ 88.9047912, 26.85547 ], [ 88.9047671, 26.8553802 ], [ 88.9046785, 26.8551409 ], [ 88.9046651, 26.8550871 ], [ 88.9046517, 26.8549986 ], [ 88.9046469, 26.8548332 ], [ 88.9046431, 26.8546987 ], [ 88.904969, 26.8545683 ], [ 88.9051085, 26.8545109 ], [ 88.9051595, 26.8544774 ], [ 88.9052037, 26.8544355 ], [ 88.905248, 26.8543554 ], [ 88.9052882, 26.8542034 ], [ 88.9053419, 26.8536997 ], [ 88.9053673, 26.8535202 ], [ 88.9053794, 26.85347 ], [ 88.9053928, 26.8534448 ], [ 88.9054156, 26.8534185 ], [ 88.9054411, 26.8533994 ], [ 88.9054652, 26.8533886 ], [ 88.9055041, 26.8533766 ], [ 88.9055645, 26.8533647 ], [ 88.9061304, 26.8533192 ], [ 88.9062248, 26.8533165 ], [ 88.9067943, 26.8533001 ], [ 88.9068619, 26.853293 ], [ 88.9069995, 26.8532785 ], [ 88.9070665, 26.8532678 ], [ 88.9071912, 26.8532271 ], [ 88.90732, 26.8531924 ], [ 88.9073683, 26.8531828 ], [ 88.907452, 26.8531685 ], [ 88.9075225, 26.8531565 ], [ 88.9079758, 26.8531003 ], [ 88.9086866, 26.8530584 ], [ 88.9087397, 26.8530522 ], [ 88.9096978, 26.8529399 ], [ 88.9103042, 26.8529032 ], [ 88.9104877, 26.8528921 ], [ 88.910872, 26.8528538 ], [ 88.9110161, 26.8528394 ], [ 88.9114157, 26.8527963 ], [ 88.9115297, 26.8527808 ], [ 88.911574, 26.8527724 ], [ 88.9116142, 26.8527581 ], [ 88.9116531, 26.8527341 ], [ 88.9118221, 26.8526061 ], [ 88.9120407, 26.8524242 ], [ 88.9122512, 26.8522543 ], [ 88.9123454, 26.8521907 ], [ 88.9124026, 26.852157 ], [ 88.9124501, 26.8521312 ], [ 88.912507, 26.8521116 ], [ 88.9125587, 26.8521097 ], [ 88.912659, 26.8521153 ], [ 88.9128176, 26.8521241 ], [ 88.9129603, 26.8521376 ] ] } },
{ "type": "Feature", "properties": { "name": "Route", "distance_km": null, "time_min": null }, "geometry": { "type": "LineString", "coordinates": [ [ 88.9015764, 26.8807131 ], [ 88.9020882, 26.8807503 ], [ 88.9020756, 26.8809197 ], [ 88.9020523, 26.8813277 ], [ 88.902042, 26.8815052 ], [ 88.9020275, 26.8817551 ], [ 88.9020065, 26.8819383 ], [ 88.9019573, 26.8821309 ], [ 88.9018063, 26.8825112 ], [ 88.90179, 26.8825447 ], [ 88.9017862, 26.8825512 ], [ 88.9016889, 26.8827174 ], [ 88.9015146, 26.8829689 ], [ 88.9014158, 26.8831881 ], [ 88.9017183, 26.8833894 ], [ 88.9018674, 26.8834878 ], [ 88.9019012, 26.8835101 ], [ 88.9019621, 26.8835503 ], [ 88.9021992, 26.883685 ], [ 88.9024028, 26.8837898 ], [ 88.9024613, 26.8838248 ], [ 88.9026989, 26.8835278 ], [ 88.9030034, 26.8831116 ], [ 88.9030897, 26.8829908 ], [ 88.9033961, 26.8826197 ], [ 88.9035215, 26.8824369 ], [ 88.9036261, 26.8822766 ], [ 88.9037294, 26.8820924 ], [ 88.903783, 26.8819847 ], [ 88.903846, 26.8818268 ], [ 88.9038787, 26.8817208 ], [ 88.9038903, 26.8816833 ], [ 88.9039332, 26.8815374 ], [ 88.9039801, 26.8813029 ], [ 88.904007, 26.8810457 ], [ 88.9040217, 26.880834 ], [ 88.9040096, 26.8806043 ], [ 88.9039989, 26.8804895 ], [ 88.9039936, 26.8803687 ], [ 88.9040003, 26.8802993 ], [ 88.904011, 26.880212 ], [ 88.9040472, 26.8800445 ], [ 88.9041022, 26.8798017 ], [ 88.9041639, 26.8796163 ], [ 88.9042537, 26.8794033 ], [ 88.9043105, 26.8792547 ], [ 88.9043959, 26.8790313 ], [ 88.9044911, 26.8787897 ], [ 88.9046587, 26.8784715 ], [ 88.9047365, 26.8783218 ], [ 88.9048034, 26.8781931 ], [ 88.9048465, 26.8781102 ], [ 88.9050758, 26.8776593 ], [ 88.9052448, 26.8773889 ], [ 88.9053186, 26.8772741 ], [ 88.9053411, 26.8772442 ], [ 88.9054178, 26.8771425 ], [ 88.9058441, 26.8766407 ], [ 88.9063264, 26.8771482 ], [ 88.9063652, 26.8771889 ], [ 88.9065186, 26.8773525 ], [ 88.9067877, 26.8776394 ], [ 88.9071759, 26.8780532 ], [ 88.9076067, 26.8785125 ], [ 88.9079143, 26.8788567 ], [ 88.9080077, 26.8789611 ], [ 88.9081068, 26.8790827 ], [ 88.908182, 26.8791832 ], [ 88.9082088, 26.8792214 ], [ 88.9082305, 26.8792555 ], [ 88.9082466, 26.8792914 ], [ 88.9083436, 26.8795253 ], [ 88.9081884, 26.8800174 ], [ 88.90812, 26.8802848 ], [ 88.9081165, 26.8802988 ], [ 88.9081064, 26.8803341 ], [ 88.908005, 26.8807476 ], [ 88.907937, 26.8810246 ], [ 88.9078935, 26.8812019 ], [ 88.9078897, 26.8812238 ], [ 88.9078764, 26.8813013 ], [ 88.9078545, 26.8814293 ], [ 88.9078532, 26.8814605 ], [ 88.9078541, 26.881492 ], [ 88.9078554, 26.8815182 ], [ 88.9078558, 26.8815262 ], [ 88.9078607, 26.8815509 ], [ 88.9078783, 26.8816087 ], [ 88.9079841, 26.8818049 ], [ 88.9080203, 26.8818614 ], [ 88.908093, 26.881975 ], [ 88.9083326, 26.8823495 ], [ 88.9087318, 26.8830278 ], [ 88.908906, 26.8833238 ], [ 88.9089079, 26.8833272 ], [ 88.9091171, 26.8837468 ], [ 88.9091743, 26.8838551 ], [ 88.9091768, 26.8838576 ], [ 88.9092641, 26.8839351 ], [ 88.9093904, 26.8840232 ], [ 88.9095261, 26.8840992 ], [ 88.9096832, 26.8841644 ], [ 88.9096872, 26.8841658 ], [ 88.9099034, 26.8842408 ], [ 88.9100655, 26.8842912 ], [ 88.9105288, 26.8844518 ], [ 88.9107298, 26.8845166 ], [ 88.9108156, 26.8845477 ], [ 88.9108773, 26.8845764 ], [ 88.9109148, 26.8845988 ], [ 88.9109853, 26.8845977 ], [ 88.9111857, 26.8846059 ], [ 88.9118805, 26.8846652 ], [ 88.9119948, 26.8846749 ], [ 88.9124174, 26.8847189 ], [ 88.9128644, 26.8847654 ], [ 88.913145, 26.8848039 ], [ 88.9134335, 26.8848325 ], [ 88.9134056, 26.8847342 ], [ 88.9133908, 26.8846649 ], [ 88.9133895, 26.8846254 ], [ 88.9133948, 26.8846063 ], [ 88.9134136, 26.8845752 ], [ 88.9134364, 26.8845536 ], [ 88.9134646, 26.8845369 ], [ 88.9134768, 26.8845325 ] ] } },
{ "type": "Feature", "properties": { "name": "Route", "distance_km": null, "time_min": null }, "geometry": { "type": "LineString", "coordinates": [ [ 88.9123294, 26.8928057 ], [ 88.9115408, 26.8922452 ], [ 88.9109493, 26.8918248 ], [ 88.9109374, 26.8918173 ], [ 88.9109159, 26.8918179 ], [ 88.9109096, 26.8918278 ], [ 88.9109045, 26.8918392 ], [ 88.9107757, 26.8926433 ], [ 88.9106901, 26.8931775 ], [ 88.9105768, 26.8938898 ], [ 88.9105485, 26.894068 ], [ 88.9105202, 26.894246 ], [ 88.9104165, 26.8948983 ], [ 88.9102749, 26.8957887 ], [ 88.9102466, 26.8959668 ], [ 88.9102183, 26.8961448 ], [ 88.91019, 26.896323 ], [ 88.9100483, 26.8972134 ], [ 88.9100388, 26.8972734 ], [ 88.91002, 26.8973914 ], [ 88.9099634, 26.8977476 ], [ 88.9099351, 26.8979257 ], [ 88.9098784, 26.8982819 ], [ 88.9098501, 26.8984599 ], [ 88.9098218, 26.898638 ], [ 88.9097935, 26.8988161 ], [ 88.9097652, 26.8989942 ], [ 88.9096776, 26.899545 ], [ 88.9098968, 26.899722 ], [ 88.9097702, 26.8998374 ], [ 88.9094881, 26.9000946 ], [ 88.9093471, 26.9002231 ], [ 88.9092061, 26.9003517 ], [ 88.9086956, 26.8998646 ], [ 88.9085578, 26.8997331 ], [ 88.9085555, 26.8997309 ], [ 88.9078581, 26.8991664 ], [ 88.9078493, 26.8991564 ], [ 88.907819, 26.8991222 ], [ 88.9074439, 26.8986989 ], [ 88.9072241, 26.8984508 ], [ 88.9072224, 26.8984489 ], [ 88.9071715, 26.8983914 ], [ 88.9068193, 26.8978294 ], [ 88.906818, 26.8978274 ], [ 88.9067638, 26.8977408 ], [ 88.9067175, 26.8976714 ], [ 88.9066145, 26.8975168 ], [ 88.9065278, 26.8973867 ], [ 88.9063239, 26.8968701 ], [ 88.9063209, 26.8968497 ], [ 88.9062694, 26.8964954 ], [ 88.9062691, 26.8964931 ], [ 88.9062488, 26.8963534 ], [ 88.9062488, 26.8959546 ], [ 88.9062488, 26.8958558 ], [ 88.90627, 26.8954154 ], [ 88.9062917, 26.894966 ], [ 88.9063672, 26.8945696 ], [ 88.9064848, 26.8939517 ], [ 88.9065156, 26.8937341 ], [ 88.9066136, 26.8930427 ], [ 88.9067202, 26.892593 ], [ 88.9069462, 26.8915982 ], [ 88.9070819, 26.8910007 ], [ 88.9071045, 26.8909011 ], [ 88.9071365, 26.890768 ], [ 88.907145, 26.8907401 ], [ 88.9071586, 26.8907217 ], [ 88.9071796, 26.8907044 ], [ 88.9072184, 26.8906748 ], [ 88.9072532, 26.8906548 ], [ 88.9072689, 26.8906457 ], [ 88.9073548, 26.8905961 ], [ 88.908335, 26.890068 ], [ 88.9086761, 26.8898843 ], [ 88.9087364, 26.8898518 ], [ 88.9089241, 26.8897406 ], [ 88.9090437, 26.8896697 ], [ 88.9092106, 26.8895844 ], [ 88.9095587, 26.8894066 ], [ 88.9099329, 26.8892094 ], [ 88.9099975, 26.8891753 ], [ 88.9106929, 26.8888086 ], [ 88.9107656, 26.8887703 ], [ 88.911106, 26.8886153 ], [ 88.911522, 26.8884258 ], [ 88.9116342, 26.8883726 ], [ 88.9116276, 26.8876532 ], [ 88.911626, 26.8874753 ], [ 88.9115348, 26.8867304 ], [ 88.9113816, 26.8859575 ], [ 88.9113283, 26.8856423 ], [ 88.9112804, 26.8853825 ], [ 88.9112641, 26.8853148 ], [ 88.9112541, 26.8852714 ], [ 88.9111683, 26.8849879 ], [ 88.9111308, 26.8848946 ], [ 88.9111095, 26.8848506 ], [ 88.9110812, 26.8847924 ], [ 88.9110704, 26.8847702 ], [ 88.9110463, 26.8847319 ], [ 88.9110101, 26.884684 ], [ 88.9109671, 26.884641 ], [ 88.9109148, 26.8845988 ], [ 88.9109853, 26.8845977 ], [ 88.9111857, 26.8846059 ], [ 88.9118805, 26.8846652 ], [ 88.9119948, 26.8846749 ], [ 88.9124174, 26.8847189 ], [ 88.9128644, 26.8847654 ], [ 88.913145, 26.8848039 ], [ 88.9134335, 26.8848325 ], [ 88.9136148, 26.8848475 ], [ 88.9139863, 26.8848727 ], [ 88.9140518, 26.8848696 ], [ 88.9142143, 26.8848619 ], [ 88.914343, 26.8848499 ], [ 88.9144336, 26.884837 ], [ 88.9144771, 26.8848308 ], [ 88.914559, 26.8848057 ], [ 88.91463, 26.8847686 ], [ 88.9152331, 26.8843628 ], [ 88.9152416, 26.8843571 ], [ 88.9156713, 26.8840793 ], [ 88.9157448, 26.8840318 ], [ 88.9158169, 26.8839851 ], [ 88.9160774, 26.8838046 ], [ 88.9161052, 26.8837853 ], [ 88.9167682, 26.8833311 ], [ 88.9169153, 26.8832303 ], [ 88.917205, 26.8830341 ], [ 88.9175952, 26.8827566 ], [ 88.9178165, 26.8825916 ], [ 88.9178996, 26.8825327 ], [ 88.9185219, 26.8820916 ], [ 88.9186179, 26.8820284 ], [ 88.9188023, 26.8819069 ], [ 88.919422, 26.8815028 ], [ 88.9195824, 26.881398 ], [ 88.9197331, 26.8812995 ], [ 88.9198123, 26.8812523 ], [ 88.9199758, 26.8811548 ], [ 88.9201636, 26.8810674 ], [ 88.9204251, 26.8809526 ], [ 88.9206692, 26.8808521 ], [ 88.9208919, 26.8807697 ], [ 88.9215101, 26.8805411 ], [ 88.9222557, 26.8802875 ], [ 88.9226777, 26.8801486 ], [ 88.9234601, 26.8798503 ], [ 88.9239899, 26.8796685 ], [ 88.9241588, 26.8796254 ], [ 88.9242447, 26.8796123 ], [ 88.9243225, 26.8796063 ], [ 88.9244029, 26.8796039 ], [ 88.9244552, 26.8796099 ], [ 88.9245451, 26.8796254 ], [ 88.9247597, 26.8796683 ], [ 88.9249162, 26.879687 ], [ 88.9251607, 26.8797124 ], [ 88.9253467, 26.8797262 ], [ 88.9255116, 26.8799057 ], [ 88.9257004, 26.8801059 ], [ 88.9258581, 26.8802526 ], [ 88.9260923, 26.8804459 ], [ 88.926106, 26.8804572 ], [ 88.9261081, 26.880459 ], [ 88.9261206, 26.8804687 ], [ 88.9263133, 26.8806175 ], [ 88.9265786, 26.8808045 ], [ 88.9270353, 26.8810661 ], [ 88.9272274, 26.8811656 ], [ 88.92745, 26.8812686 ], [ 88.9276209, 26.8813378 ], [ 88.9277745, 26.8813951 ], [ 88.9280111, 26.8814675 ], [ 88.9282091, 26.8815209 ], [ 88.9282686, 26.881537 ], [ 88.9283579, 26.8815587 ], [ 88.9283843, 26.8815652 ], [ 88.9285435, 26.8816042 ], [ 88.928769, 26.8816412 ], [ 88.9290077, 26.8816747 ], [ 88.9292701, 26.8817011 ], [ 88.9295449, 26.8817111 ], [ 88.9297064, 26.8817119 ], [ 88.929857, 26.8817077 ], [ 88.9301647, 26.8816849 ], [ 88.9305956, 26.8816435 ], [ 88.9309181, 26.8815914 ], [ 88.9312705, 26.881542 ], [ 88.9313807, 26.8815311 ], [ 88.9315077, 26.8815159 ], [ 88.9317704, 26.8814791 ], [ 88.9335688, 26.8812077 ], [ 88.9340285, 26.8811428 ], [ 88.934657, 26.8810498 ], [ 88.9350712, 26.8809942 ], [ 88.9355746, 26.8809383 ], [ 88.9364643, 26.8808356 ], [ 88.9365764, 26.8808239 ], [ 88.9368674, 26.8807819 ], [ 88.9369693, 26.8807616 ], [ 88.9370641, 26.8807367 ], [ 88.9372448, 26.8806721 ], [ 88.9377061, 26.8805023 ], [ 88.9380243, 26.8803841 ], [ 88.9384506, 26.8802058 ], [ 88.938504, 26.8801818 ], [ 88.9395497, 26.87974 ], [ 88.9406983, 26.879268 ], [ 88.9415938, 26.8789091 ], [ 88.9423793, 26.8785758 ], [ 88.9430882, 26.8782942 ], [ 88.9435746, 26.8781197 ], [ 88.9439441, 26.8779748 ], [ 88.9442608, 26.8778391 ], [ 88.9445723, 26.8777247 ], [ 88.9462027, 26.8770607 ], [ 88.9468118, 26.8768126 ], [ 88.9477649, 26.8764526 ], [ 88.9487589, 26.876049 ], [ 88.9488916, 26.8759974 ], [ 88.9490577, 26.87594 ], [ 88.9491078, 26.8759261 ] ] } },
{ "type": "Feature", "properties": { "name": "Route", "distance_km": null, "time_min": null }, "geometry": { "type": "LineString", "coordinates": [ [ 88.6118281, 26.8735112 ], [ 88.6119589, 26.8737259 ], [ 88.6121762, 26.8737912 ], [ 88.6123725, 26.8737131 ], [ 88.6125836, 26.8737527 ], [ 88.6128889, 26.8735465 ], [ 88.6130008, 26.8734635 ], [ 88.6131701, 26.8733477 ], [ 88.6133613, 26.8732117 ], [ 88.6135952, 26.8730478 ], [ 88.6136553, 26.8730109 ], [ 88.6138971, 26.8728394 ], [ 88.6147851, 26.8722388 ], [ 88.6149453, 26.8721343 ], [ 88.6151489, 26.8719926 ], [ 88.6163093, 26.871176 ], [ 88.6166995, 26.8709265 ], [ 88.6169503, 26.8707625 ], [ 88.6170105, 26.8707249 ], [ 88.6171878, 26.8705948 ], [ 88.6173941, 26.8704353 ], [ 88.6177673, 26.8701261 ] ] } },
{ "type": "Feature", "properties": { "name": null, "distance_km": null, "time_min": null }, "geometry": { "type": "LineString", "coordinates": [ [ 88.754454995151391, 26.846212678315254 ], [ 88.754115921958061, 26.846533905551041 ], [ 88.75377684876473, 26.846706416473964 ], [ 88.753562697274205, 26.846849184134314 ], [ 88.753467518833972, 26.846968157184605 ], [ 88.753449672876428, 26.847128770802499 ], [ 88.753562697274205, 26.847342922293024 ], [ 88.75369951628204, 26.84781881449419 ], [ 88.753788746069759, 26.847931838891967 ], [ 88.753872027204963, 26.847955633502025 ], [ 88.754008846212798, 26.847967530807054 ], [ 88.754109973305546, 26.848044863289743 ], [ 88.754246792313381, 26.848128144424948 ], [ 88.754460943803906, 26.848211425560152 ], [ 88.754591814159227, 26.848211425560152 ], [ 88.754740530472091, 26.848181682297579 ], [ 88.755049860402849, 26.848122195772433 ], [ 88.755252114588345, 26.848050811942258 ], [ 88.755412728206238, 26.848044863289743 ], [ 88.755501957993957, 26.848151939035006 ], [ 88.755591187781675, 26.84837798783056 ], [ 88.755638777001792, 26.848580242016055 ], [ 88.75573990409454, 26.848758701591493 ], [ 88.756049234025298, 26.849323823580377 ], [ 88.75623364225325, 26.849811613086572 ], [ 88.756328820693483, 26.85013284032236 ], [ 88.756673842539314, 26.851599778032455 ], [ 88.756940342171958, 26.852456383994557 ], [ 88.757168770428521, 26.852932276195723 ], [ 88.757454305749221, 26.853255882892515 ], [ 88.757635144785667, 26.853741292937709 ], [ 88.757692251849804, 26.854064899634501 ], [ 88.757692251849804, 26.85429332789106 ], [ 88.75788260873027, 26.85491198775258 ], [ 88.757977787170503, 26.855378362109722 ], [ 88.758092001298792, 26.855873289998936 ], [ 88.758308, 26.856183 ] ] } },
{ "type": "Feature", "properties": { "name": null, "distance_km": null, "time_min": null }, "geometry": { "type": "LineString", "coordinates": [ [ 88.737855166898214, 26.866799046340248 ], [ 88.739586933056501, 26.869843700429406 ], [ 88.740881359843669, 26.869700932769057 ], [ 88.742242411538996, 26.869605754328823 ], [ 88.743470213418007, 26.869643825704916 ], [ 88.744460069196435, 26.869777075521242 ], [ 88.745411853598767, 26.869900807493543 ], [ 88.745831, 26.8699873 ] ] } },
{ "type": "Feature", "properties": { "name": null, "distance_km": null, "time_min": null }, "geometry": { "type": "LineString", "coordinates": [ [ 88.736055812923837, 26.871442698225323 ], [ 88.73584642035533, 26.870852591895876 ], [ 88.735798831135213, 26.870243449878384 ], [ 88.735836902511309, 26.869824664741358 ], [ 88.737093257922382, 26.870053092997917 ], [ 88.73808311370081, 26.869995985933777 ], [ 88.739586933056501, 26.869843700429406 ] ] } },
{ "type": "Feature", "properties": { "name": null, "distance_km": null, "time_min": null }, "geometry": { "type": "LineString", "coordinates": [ [ 88.735455150018453, 26.86335665206569 ], [ 88.736257591217139, 26.86327400859231 ], [ 88.736300421515239, 26.864016400426127 ], [ 88.736343251813338, 26.864301935746827 ], [ 88.736236176068076, 26.864644578131667 ], [ 88.736036301343589, 26.865001497282542 ], [ 88.735922087215314, 26.865608259839028 ], [ 88.735872118534189, 26.866300682991728 ], [ 88.735893533683239, 26.867135873804774 ], [ 88.735900672066265, 26.867435685891511 ], [ 88.73671444773025, 26.867342886912283 ], [ 88.737392594116912, 26.867221534400986 ], [ 88.737749513267786, 26.867257226316074 ], [ 88.738182247783797, 26.867374094045747 ] ] } },
{ "type": "Feature", "properties": { "name": null, "distance_km": null, "time_min": null }, "geometry": { "type": "LineString", "coordinates": [ [ 89.00413796972974, 26.581982957076512 ], [ 89.003091006887175, 26.581754528819953 ], [ 89.002596078997968, 26.581583207627535 ], [ 89.002577043309913, 26.581221529554647 ], [ 89.002653186062105, 26.580707565977388 ], [ 89.002805471566475, 26.580383959280596 ], [ 89.003471720648108, 26.580441066344736 ], [ 89.003871470097081, 26.580364923592548 ], [ 89.004975540003798, 26.579812888639196 ], [ 89.005337218076676, 26.579470246254356 ], [ 89.005318182388635, 26.579146639557564 ], [ 89.004994575691839, 26.578784961484676 ], [ 89.004214112481932, 26.57870881873249 ], [ 89.004023755601466, 26.577229190563695 ], [ 89.003833398721, 26.576045408713295 ], [ 89.001983367788966, 26.576164381763586 ], [ 89.001138659131897, 26.576313098076451 ], [ 89.000966148208974, 26.576449917084286 ], [ 88.999580112173078, 26.576652171269782 ], [ 88.999502779690388, 26.576788990277617 ], [ 88.999526574300447, 26.57766344219726 ], [ 88.999609855435651, 26.578597380642048 ], [ 88.99955631756302, 26.579156553978418 ], [ 88.999467087775301, 26.579376654121457 ], [ 88.999258884937291, 26.579453986604147 ], [ 88.999175603802087, 26.579620548874555 ], [ 88.999223193022203, 26.579733573272332 ] ] } },
{ "type": "Feature", "properties": { "name": null, "distance_km": null, "time_min": null }, "geometry": { "type": "LineString", "coordinates": [ [ 88.715700325262873, 26.511258913763736 ], [ 88.714546286675045, 26.511139940713445 ], [ 88.714094189083937, 26.515315894778677 ], [ 88.71292825319108, 26.515173127118327 ] ] } },
{ "type": "Feature", "properties": { "name": null, "distance_km": null, "time_min": null }, "geometry": { "type": "LineString", "coordinates": [ [ 88.715283919586852, 26.514804310662424 ], [ 88.715212535756677, 26.515446765133998 ], [ 88.714094189083937, 26.515315894778677 ] ] } },
{ "type": "Feature", "properties": { "name": null, "distance_km": null, "time_min": null }, "geometry": { "type": "LineString", "coordinates": [ [ 88.724723241396973, 26.515817961050907 ], [ 88.723623930412273, 26.51555384087926 ], [ 88.723102828451999, 26.516410446841359 ], [ 88.722481789129475, 26.517516896209074 ], [ 88.72279587798225, 26.517659663869424 ], [ 88.722867261812425, 26.517538311358123 ] ] } },
{ "type": "Feature", "properties": { "name": null, "distance_km": null, "time_min": null }, "geometry": { "type": "LineString", "coordinates": [ [ 88.749929637945982, 26.913433065054036 ], [ 88.75068630654583, 26.914475268974591 ], [ 88.751300207485343, 26.91533187493669 ], [ 88.751714233700355, 26.915831561747915 ], [ 88.751771340764492, 26.915949345067705 ], [ 88.751771340764492, 26.916438324304405 ] ] } },
{ "type": "Feature", "properties": { "name": null, "distance_km": null, "time_min": null }, "geometry": { "type": "LineString", "coordinates": [ [ 88.753084803239716, 26.916013590514865 ], [ 88.75283852902561, 26.91602072889788 ], [ 88.752620808343579, 26.916038574855424 ], [ 88.752460194725685, 26.916017159706374 ], [ 88.752210351320073, 26.915956483450724 ], [ 88.752021184170104, 26.915956483450724 ], [ 88.751771340764492, 26.915949345067705 ] ] } },
{ "type": "Feature", "properties": { "name": "Route", "distance_km": null, "time_min": null }, "geometry": { "type": "LineString", "coordinates": [ [ 88.554608343412838, 26.873263053384903 ], [ 88.554579789880677, 26.872934687766133 ], [ 88.552666703232148, 26.872920411000052 ], [ 88.552529800000116, 26.868236599999989 ], [ 88.553134199999988, 26.868183800000054 ], [ 88.553948600000069, 26.868118800000047 ], [ 88.554142, 26.868101700000011 ], [ 88.554343500000073, 26.868083800000136 ], [ 88.55444040000009, 26.868072699999971 ], [ 88.554545500000074, 26.8680582 ], [ 88.554628500000035, 26.868043400000033 ], [ 88.55470820000005, 26.868026800000052 ], [ 88.554807700000083, 26.868001 ], [ 88.555015100000048, 26.867936400000019 ], [ 88.555154500000015, 26.86788990000008 ], [ 88.555310500000132, 26.867831600000045 ], [ 88.555498900000089, 26.867764900000054 ], [ 88.5556393, 26.867709800000114 ], [ 88.555698700000107, 26.867682800000011 ], [ 88.555733799999985, 26.867668500000093 ], [ 88.555801600000109, 26.8676355 ], [ 88.555856100000142, 26.8676074 ], [ 88.555911400000127, 26.867573800000059 ], [ 88.555971200000101, 26.867535500000088 ], [ 88.556042899999966, 26.86748660000012 ], [ 88.556137499999977, 26.867422 ], [ 88.556663199999946, 26.8670555 ], [ 88.557162500000061, 26.866722100000118 ], [ 88.557342800000072, 26.866596900000047 ], [ 88.5576494, 26.866397900000095 ], [ 88.557762200000127, 26.866330300000016 ], [ 88.557901300000083, 26.866254500000139 ], [ 88.5580483, 26.866185799999982 ], [ 88.558190800000034, 26.866131400000086 ], [ 88.5584667, 26.866036500000064 ], [ 88.558709800000031, 26.865968599999917 ], [ 88.5587481, 26.865959600000053 ], [ 88.558812100000125, 26.865944 ], [ 88.558887299999981, 26.865929100000017 ], [ 88.559021900000062, 26.865913700000021 ], [ 88.55923300000012, 26.865895700000124 ], [ 88.559896100000117, 26.865854200000058 ], [ 88.560211200000083, 26.865827700000011 ], [ 88.560724, 26.865794300000061 ], [ 88.560750799999937, 26.865792600000134 ], [ 88.560923600000024, 26.86578140000006 ], [ 88.560951900000077, 26.865779500000087 ], [ 88.560970600000019, 26.865778299999988 ], [ 88.560982700000125, 26.865776700000026 ], [ 88.562154600000099, 26.865678 ], [ 88.563693400000091, 26.865554400000121 ], [ 88.564495599999987, 26.865491300000031 ], [ 88.565357200000051, 26.8654196 ], [ 88.566862900000103, 26.865279400000134 ], [ 88.567066100000034, 26.86526640000011 ], [ 88.567149500000028, 26.865262499999972 ], [ 88.567253100000073, 26.865258100000119 ], [ 88.56741460000012, 26.8652545 ], [ 88.567613800000061, 26.865259 ], [ 88.5678317, 26.865267800000026 ], [ 88.568047700000079, 26.86528629999998 ], [ 88.568053, 26.865286800000035 ], [ 88.568064600000071, 26.865288599999985 ], [ 88.568339700000081, 26.865348599999948 ], [ 88.56863009999995, 26.865413600000011 ], [ 88.568962699999929, 26.865472800000134 ], [ 88.569228500000122, 26.865530700000136 ], [ 88.570830799999953, 26.865860400000031 ], [ 88.571751100000085, 26.866053800000032 ], [ 88.572617199999968, 26.8662225 ], [ 88.572905500000047, 26.866277100000048 ], [ 88.57296070000001, 26.866290100000072 ], [ 88.573108300000115, 26.866324900000109 ], [ 88.573560700000087, 26.866416500000071 ], [ 88.574299500000109, 26.866569700000127 ], [ 88.5745771, 26.86662640000003 ], [ 88.574801900000125, 26.86668 ], [ 88.575063900000089, 26.866752100000099 ], [ 88.575476300000105, 26.866893100000027 ], [ 88.575518900000077, 26.866906900000117 ], [ 88.5756462, 26.8669509 ], [ 88.576708200000098, 26.867323399999918 ], [ 88.578827700000147, 26.868052300000045 ], [ 88.579065300000082, 26.868135699999982 ], [ 88.5792877, 26.8682066 ], [ 88.57947710000002, 26.868254400000069 ], [ 88.579612600000075, 26.868285100000094 ], [ 88.5797768, 26.868307900000048 ], [ 88.579980699999965, 26.868322800000044 ], [ 88.580172900000036, 26.868334699999934 ], [ 88.580526000000134, 26.868343400000128 ], [ 88.581102200000032, 26.868358499999943 ], [ 88.5816858, 26.868381300000067 ], [ 88.582152400000041, 26.86840930000011 ], [ 88.581985400000121, 26.868874700000049 ], [ 88.581867500000101, 26.8692866 ], [ 88.581814399999985, 26.8694354000001 ], [ 88.581750800000066, 26.869637800000135 ], [ 88.581698200000119, 26.869805199999917 ], [ 88.581589400000041, 26.870151599999986 ], [ 88.581435900000088, 26.870639900000072 ], [ 88.581163799999956, 26.871505800000136 ], [ 88.580577100000085, 26.873372500000073 ], [ 88.580332, 26.874115700000061 ], [ 88.580324599999983, 26.8741382 ], [ 88.580114900000069, 26.874805 ], [ 88.580067500000041, 26.874953100000084 ], [ 88.580009500000017, 26.875132300000018 ], [ 88.579981900000064, 26.875217700000121 ], [ 88.5799015, 26.875478900000076 ], [ 88.5798479, 26.875652400000035 ], [ 88.579741100000035, 26.875999200000138 ], [ 88.579649300000085, 26.876298600000041 ], [ 88.57946579999998, 26.87681120000002 ], [ 88.579332799999975, 26.877194800000098 ], [ 88.579304500000148, 26.87727840000008 ], [ 88.579191200000025, 26.877646700000014 ], [ 88.579057300000102, 26.878054800000029 ], [ 88.578898200000083, 26.878599399999985 ], [ 88.578837500000077, 26.878764599999954 ], [ 88.578631500000085, 26.879362700000058 ], [ 88.578547600000036, 26.8795786 ], [ 88.5784802, 26.879752199999984 ], [ 88.5784721, 26.879768700000113 ], [ 88.578207200000122, 26.880305799999974 ], [ 88.5781781, 26.880364800000052 ], [ 88.5779245, 26.880824700000062 ], [ 88.577900300000124, 26.8808687 ], [ 88.578547700000058, 26.881162300000142 ] ] } },
{ "type": "Feature", "properties": { "name": null, "distance_km": null, "time_min": null }, "geometry": { "type": "LineString", "coordinates": [ [ 89.036747740134288, 26.568054745665901 ], [ 89.037580551486329, 26.570999328660616 ], [ 89.035498523106227, 26.572367518738968 ], [ 89.034754941541905, 26.572724437889843 ], [ 89.033743670614427, 26.572962383990426 ], [ 89.030233965630828, 26.57724541380092 ], [ 89.02943089754136, 26.578167454940679 ], [ 89.027438098948977, 26.579178725868157 ], [ 89.006885504511118, 26.588904772729489 ], [ 89.0062978, 26.5894944 ] ] } },
{ "type": "Feature", "properties": { "name": null, "distance_km": null, "time_min": null }, "geometry": { "type": "LineString", "coordinates": [ [ 89.007927708431694, 26.595617232226939 ], [ 89.007190075519887, 26.589454428221838 ], [ 89.006885504511118, 26.588904772729489 ] ] } },
{ "type": "Feature", "properties": { "name": null, "distance_km": null, "time_min": null }, "geometry": { "type": "LineString", "coordinates": [ [ 89.016559390489817, 26.58914981983196 ], [ 89.016448558293561, 26.588954741410614 ], [ 89.015913179567249, 26.587164197003727 ], [ 89.015322838815635, 26.584911996582484 ] ] } },
{ "type": "Feature", "properties": { "name": null, "distance_km": null, "time_min": null }, "geometry": { "type": "LineString", "coordinates": [ [ 89.038096101370911, 26.589613058955567 ], [ 89.038110378136949, 26.590407798931512 ], [ 89.03784387850429, 26.59120253890746 ], [ 89.03866717201231, 26.591074048013144 ], [ 89.039333421093943, 26.591074048013144 ], [ 89.040232857354141, 26.591131155077285 ], [ 89.040889588591753, 26.591040735559062 ], [ 89.041708123177756, 26.590912244664747 ], [ 89.041965104966394, 26.590750441316349 ], [ 89.043012067808959, 26.589922388886318 ], [ 89.043145317625289, 26.58940842530906 ], [ 89.043259531753563, 26.588903979575825 ], [ 89.043421335101954, 26.588827836823636 ], [ 89.044192280467854, 26.588913497419849 ], [ 89.044287458908087, 26.588066409301771 ], [ 89.044249387531991, 26.587523892192443 ], [ 89.044049512807504, 26.586448375817806 ], [ 89.043830602394962, 26.585677430451916 ], [ 89.04361169198242, 26.585182502562706 ], [ 89.043154835469309, 26.585087324122473 ], [ 89.042272055436186, 26.584353656979015 ], [ 89.041472556538224, 26.583625541911228 ], [ 89.040858655598726, 26.583297176292426 ], [ 89.040673057640277, 26.582412016798255 ], [ 89.040444629383714, 26.580813019002335 ], [ 89.040430352617676, 26.580184841296795 ], [ 89.04054456674595, 26.579799368613852 ], [ 89.039959219338527, 26.579471002995046 ], [ 89.038103239753966, 26.57962804742143 ], [ 89.035633359229919, 26.579999243338339 ], [ 89.034719646203683, 26.580013520104377 ], [ 89.033434737260535, 26.579642324187464 ], [ 89.032051080685619, 26.579089099503602 ], [ 89.030461573273129, 26.576967655322186 ] ] } },
{ "type": "Feature", "properties": { "name": null, "distance_km": null, "time_min": null }, "geometry": { "type": "LineString", "coordinates": [ [ 88.737377730190232, 26.541697724912005 ], [ 88.737704372527432, 26.542953094973115 ], [ 88.73831827346693, 26.544523539236963 ], [ 88.739117772364892, 26.54589410877632 ], [ 88.740488341904253, 26.547364615677921 ], [ 88.742287214424664, 26.548892229643666 ], [ 88.743315141579174, 26.550348459779233 ], [ 88.744200301073349, 26.551490601062032 ], [ 88.744202680534343, 26.553532178605032 ], [ 88.744017082575894, 26.554160356310572 ], [ 88.74284638776102, 26.556201933853572 ], [ 88.742217615190228, 26.557482678739966 ], [ 88.741813106819237, 26.558077543991423 ], [ 88.741265830787896, 26.558589128107677 ], [ 88.740944603552109, 26.560195264286616 ], [ 88.739873846099485, 26.560040599321237 ] ] } },
{ "type": "Feature", "properties": { "name": null, "distance_km": null, "time_min": null }, "geometry": { "type": "LineString", "coordinates": [ [ 88.714482033892295, 26.541548234346749 ], [ 88.714664249896373, 26.540882071600151 ], [ 88.714854606776839, 26.540418076704015 ], [ 88.715056860962335, 26.539549573436886 ], [ 88.717, 26.54 ] ] } },
{ "type": "Feature", "properties": { "name": null, "distance_km": null, "time_min": null }, "geometry": { "type": "LineString", "coordinates": [ [ 88.732389235642572, 26.534593846205436 ], [ 88.732931752751881, 26.532744410138651 ], [ 88.733072140951208, 26.532108618157896 ], [ 88.733114971249321, 26.531758837390036 ], [ 88.733143524781383, 26.53135194955804 ], [ 88.733143524781383, 26.530959338492078 ], [ 88.732960306283914, 26.52930025930576 ], [ 88.732532003302865, 26.529288362000731 ], [ 88.732561746565437, 26.529669075761664 ] ] } },
{ "type": "Feature", "properties": { "name": null, "distance_km": null, "time_min": null }, "geometry": { "type": "LineString", "coordinates": [ [ 88.710401258267154, 26.530094302218288 ], [ 88.709461344255601, 26.529957139259707 ], [ 88.70890455038024, 26.529714434237114 ], [ 88.70794800705589, 26.529500282746589 ], [ 88.70706284756173, 26.529343238320205 ], [ 88.705877875980818, 26.529186193893818 ], [ 88.705, 26.529 ] ] } },
{ "type": "Feature", "properties": { "name": null, "distance_km": null, "time_min": null }, "geometry": { "type": "LineString", "coordinates": [ [ 88.710632039070475, 26.525017378211601 ], [ 88.713159026658673, 26.525117315573844 ], [ 88.712816384273836, 26.52706609413762 ], [ 88.714122708366034, 26.527166031499867 ], [ 88.714, 26.528 ] ] } },
{ "type": "Feature", "properties": { "name": null, "distance_km": null, "time_min": null }, "geometry": { "type": "LineString", "coordinates": [ [ 88.7190616, 26.5296536 ], [ 88.719694811176439, 26.529708931733541 ] ] } },
{ "type": "Feature", "properties": { "name": null, "distance_km": null, "time_min": null }, "geometry": { "type": "LineString", "coordinates": [ [ 88.533800910263437, 26.50090852217199 ], [ 88.533420196502504, 26.50188410118438 ], [ 88.53292050969128, 26.502835885586713 ], [ 88.532539795930347, 26.503763875378986 ], [ 88.532052006424152, 26.505001195102018 ], [ 88.531588011528015, 26.505572265743417 ], [ 88.531968725288948, 26.505607957658505 ], [ 88.531992519899006, 26.506036260639554 ], [ 88.531992519899006, 26.506298001350196 ], [ 88.53263497437058, 26.506333693265283 ], [ 88.532968098911397, 26.506559742060837 ], [ 88.533182250401921, 26.506892866601653 ], [ 88.533217942317009, 26.507333066887732 ], [ 88.533265531537126, 26.507689986038606 ], [ 88.533134661181805, 26.50791603483416 ] ] } },
{ "type": "Feature", "properties": { "name": null, "distance_km": null, "time_min": null }, "geometry": { "type": "LineString", "coordinates": [ [ 88.437600242165558, 26.596862366256108 ], [ 88.440009446433962, 26.596535190367806 ], [ 88.440663798210565, 26.596148527954359 ], [ 88.440693541473138, 26.595583405965474 ], [ 88.441258663462023, 26.594631621563142 ], [ 88.441080203886585, 26.594066499574257 ], [ 88.440723284735711, 26.592281903819885 ], [ 88.440366365584836, 26.590437821540366 ], [ 88.440217649271972, 26.590080902389492 ], [ 88.438789972668474, 26.589605010188325 ], [ 88.437659728690704, 26.589456293875461 ], [ 88.437481269115267, 26.587939387484244 ], [ 88.437273066277257, 26.58561941300356 ], [ 88.43952908497873, 26.585393275627936 ], [ 88.440931487573721, 26.585500439953268 ], [ 88.444054530143873, 26.585054291014675 ], [ 88.444738625183049, 26.585649156266133 ], [ 88.446463734412276, 26.585173264064967 ], [ 88.449438060669564, 26.585321980377831 ], [ 88.452055467775978, 26.585203007327539 ], [ 88.455267740133849, 26.585173264064967 ], [ 88.456546700424482, 26.585381466902977 ], [ 88.45868821532973, 26.585262493852685 ] ] } },
{ "type": "Feature", "properties": { "name": null, "distance_km": null, "time_min": null }, "geometry": { "type": "LineString", "coordinates": [ [ 88.632381541248662, 26.651206008600241 ], [ 88.63409475317286, 26.652586095983622 ], [ 88.632524308909012, 26.654251718687703 ], [ 88.63157252450668, 26.656393233592951 ], [ 88.630002080242832, 26.656107698272251 ], [ 88.629478598821549, 26.658725105378664 ], [ 88.6293358311612, 26.662246707667293 ], [ 88.625243158231171, 26.661770815466127 ], [ 88.622673340344875, 26.661723226246011 ] ] } },
{ "type": "Feature", "properties": { "name": null, "distance_km": null, "time_min": null }, "geometry": { "type": "LineString", "coordinates": [ [ 88.628181792573372, 26.664466744785742 ], [ 88.626367453556426, 26.667084151892155 ], [ 88.624642344327199, 26.670058478149443 ], [ 88.623363384036566, 26.671129235602066 ], [ 88.622619802472244, 26.672140506529544 ], [ 88.622084423745932, 26.673449210082751 ], [ 88.620864949980444, 26.675085089524259 ], [ 88.620121368416122, 26.676720968965768 ], [ 88.619853679052966, 26.677553780317808 ], [ 88.617295758471698, 26.676929171803778 ] ] } },
{ "type": "Feature", "properties": { "name": null, "distance_km": null, "time_min": null }, "geometry": { "type": "LineString", "coordinates": [ [ 88.587191710123818, 26.735550465441289 ], [ 88.590725209717476, 26.729375764131159 ], [ 88.592474113556761, 26.729982526687646 ], [ 88.596792835282344, 26.724450279849091 ], [ 88.597899284650055, 26.721630618557182 ], [ 88.598827274442328, 26.719917406632984 ], [ 88.598970042102678, 26.718132810878611 ], [ 88.600219259130739, 26.714206700218991 ], [ 88.603502915318785, 26.714278084049166 ], [ 88.605323202988245, 26.710958735946033 ], [ 88.606477241576073, 26.707304776138955 ], [ 88.604621261991525, 26.706412478261768 ], [ 88.604149109305297, 26.706254222882649 ], [ 88.603978807519951, 26.702843286753023 ], [ 88.603727987415823, 26.69929222259336 ], [ 88.603979093055273, 26.697852700417837 ], [ 88.604350288972185, 26.696339363218126 ], [ 88.604578717228748, 26.695596971384308 ], [ 88.604978466677721, 26.694754642188244 ] ] } }
]
}
